Layer name,0,0,0,1,2,3,4,5,6,7,8,9,19,29,39,49,59,69,79,89,99,109,119,129,139,149,159,169,179,189,199,209,219,229,239,249,259,269,279,289,299,309,319,329,339,349,359,369,379,389,399
0.conv1.weight,0.018744824454188347,0.018744824454188347,0.2544301152229309,0.36635422706604004,0.4650841951370239,0.4464316964149475,0.5419326424598694,0.6009911298751831,0.491543710231781,0.5158305764198303,0.7024515271186829,0.6591731905937195,0.7885176539421082,0.6961491703987122,0.8207866549491882,0.6120415925979614,0.6331058740615845,0.6557639837265015,0.6593912243843079,0.7201589941978455,0.7287870645523071,0.7151466012001038,0.579495906829834,0.6910991668701172,0.8619319796562195,0.8837553858757019,0.821340799331665,0.8815948963165283,1.0131984949111938,0.86818927526474,0.7766189575195312,0.9190558791160583,0.9931643009185791,0.7805368900299072,0.7743697166442871,0.904864490032196,0.8580849766731262,1.0644923448562622,0.8381291627883911,0.9046585559844971,0.8024000525474548,1.1131401062011719,0.905457615852356,1.0747720003128052,1.1336064338684082,1.1927410364151,1.0440579652786255,1.3755546808242798,1.0957696437835693,0.8463628888130188,0.9517688155174255
0.bn1.weight,0.005253341514617205,0.005253341514617205,0.07200157642364502,0.13667190074920654,0.17586013674736023,0.15379449725151062,0.19857025146484375,0.1946871131658554,0.178564190864563,0.17289599776268005,0.21003609895706177,0.21262037754058838,0.2133718729019165,0.22030732035636902,0.28363513946533203,0.23079043626785278,0.23254060745239258,0.289518266916275,0.2983775734901428,0.2551135718822479,0.27622634172439575,0.30376869440078735,0.27851325273513794,0.3234419822692871,0.3291305899620056,0.3510219156742096,0.35129618644714355,0.3103199005126953,0.35161998867988586,0.32856106758117676,0.2669824957847595,0.3393179178237915,0.31781256198883057,0.3325081765651703,0.29466626048088074,0.30535030364990234,0.30860015749931335,0.3308717608451843,0.3446476459503174,0.3293876647949219,0.29652297496795654,0.36462926864624023,0.32070082426071167,0.3200978636741638,0.3389696776866913,0.35435545444488525,0.3921680450439453,0.4218928813934326,0.35679081082344055,0.3148115277290344,0.3538416922092438
0.bn1.bias,0.016199277713894844,0.016199277713894844,0.09504742175340652,0.15118089318275452,0.20307257771492004,0.1882091760635376,0.25354188680648804,0.28409597277641296,0.26180607080459595,0.2512913942337036,0.3093671202659607,0.33712297677993774,0.3453757166862488,0.326412558555603,0.3992389440536499,0.3205733299255371,0.32064634561538696,0.40734654664993286,0.4389752149581909,0.4152880907058716,0.5014863014221191,0.512951135635376,0.44198065996170044,0.5010173320770264,0.5897401571273804,0.6004554033279419,0.5948388576507568,0.517183780670166,0.6013641357421875,0.5656098127365112,0.45685434341430664,0.5264977216720581,0.527175784111023,0.561368465423584,0.506106972694397,0.5111266374588013,0.5454854965209961,0.6005849838256836,0.5392932295799255,0.5291560888290405,0.5218173265457153,0.6567649245262146,0.5840874910354614,0.5620715022087097,0.6296362280845642,0.6352772116661072,0.6451172828674316,0.7517393827438354,0.5961233377456665,0.6010682582855225,0.6003509759902954
0.layer1.0.conv1.weight,0.0031345246825367212,0.0031345246825367212,0.04184703156352043,0.06896311789751053,0.08334028720855713,0.0714501440525055,0.09056278318166733,0.09726866334676743,0.08810950070619583,0.08464537560939789,0.09905724227428436,0.10755664110183716,0.11411269754171371,0.12371819466352463,0.14418216049671173,0.1147303357720375,0.1304747313261032,0.13483428955078125,0.1516783982515335,0.14209282398223877,0.15271680057048798,0.1577172577381134,0.14081594347953796,0.1578550934791565,0.1804398000240326,0.18249893188476562,0.17849323153495789,0.16438312828540802,0.17756114900112152,0.1669366955757141,0.12772604823112488,0.176225483417511,0.16356489062309265,0.1576164811849594,0.1541622281074524,0.1496281921863556,0.15350350737571716,0.179867222905159,0.15066206455230713,0.15665194392204285,0.1531645804643631,0.17050805687904358,0.1706647425889969,0.15683980286121368,0.17790533602237701,0.18365301191806793,0.17374767363071442,0.20503975450992584,0.1823091059923172,0.1625886708498001,0.1729804426431656
0.layer1.0.bn1.weight,0.00510227819904685,0.00510227819904685,0.05152106285095215,0.08152300119400024,0.1094144880771637,0.10323163121938705,0.12515589594841003,0.14207559823989868,0.12846241891384125,0.1260424554347992,0.15071648359298706,0.16482284665107727,0.1834740936756134,0.18499477207660675,0.2296917885541916,0.179496631026268,0.2238357961177826,0.23048651218414307,0.2749616205692291,0.2677558362483978,0.2976193130016327,0.3011232614517212,0.2604117691516876,0.3002723455429077,0.35675889253616333,0.3537934422492981,0.3444782793521881,0.33701300621032715,0.3430848717689514,0.34306806325912476,0.24430547654628754,0.35322362184524536,0.2998342514038086,0.33449411392211914,0.29915517568588257,0.283256858587265,0.3023719787597656,0.3718793988227844,0.2928538918495178,0.3195267617702484,0.3050078749656677,0.34244149923324585,0.3535463511943817,0.3132169246673584,0.35684454441070557,0.33575326204299927,0.33780235052108765,0.409610390663147,0.338652104139328,0.32267892360687256,0.3393535614013672
0.layer1.0.bn1.bias,0.01586764305830002,0.01586764305830002,0.06869465112686157,0.10438337177038193,0.14350832998752594,0.13974536955356598,0.18810713291168213,0.2221238911151886,0.19982245564460754,0.19288212060928345,0.24002648890018463,0.2689218521118164,0.30826595425605774,0.31473103165626526,0.36278215050697327,0.28179651498794556,0.3490983843803406,0.36831915378570557,0.4289815127849579,0.4398118853569031,0.49624955654144287,0.5081543326377869,0.44355106353759766,0.5005837678909302,0.61362224817276,0.6082639694213867,0.5917322635650635,0.5477592945098877,0.5881128311157227,0.5874141454696655,0.40546560287475586,0.5823200941085815,0.5226889252662659,0.570640504360199,0.5351208448410034,0.4804055094718933,0.5339503288269043,0.6642279624938965,0.5134983062744141,0.5610708594322205,0.5414199829101562,0.6160178184509277,0.6199377775192261,0.5477967262268066,0.6260029077529907,0.6172150373458862,0.5928418636322021,0.7263436317443848,0.6183546781539917,0.5999017357826233,0.611526608467102
0.layer1.0.conv2.weight,0.002960694720968604,0.002960694720968604,0.03204572945833206,0.05336146056652069,0.06464362144470215,0.06383874267339706,0.07678360491991043,0.08499158173799515,0.0783386379480362,0.07376754283905029,0.09367543458938599,0.09614557027816772,0.09111951291561127,0.09782665967941284,0.11316246539354324,0.09848592430353165,0.10695045441389084,0.11280620098114014,0.12136846035718918,0.11867278069257736,0.12806104123592377,0.1387728750705719,0.12526176869869232,0.13592608273029327,0.145977184176445,0.1470843106508255,0.14846135675907135,0.13542230427265167,0.1458532214164734,0.14585164189338684,0.11905067414045334,0.15199466049671173,0.14152935147285461,0.14218564331531525,0.13966485857963562,0.13467180728912354,0.1364160031080246,0.14988040924072266,0.13387148082256317,0.1449088603258133,0.1303219050168991,0.14623582363128662,0.14567796885967255,0.1350485384464264,0.1563960164785385,0.1497059464454651,0.1503327488899231,0.17700205743312836,0.1547175645828247,0.14275537431240082,0.14750048518180847
0.layer1.0.bn2.weight,0.004213519394397736,0.004213519394397736,0.03913448005914688,0.058562129735946655,0.07844515144824982,0.07803518325090408,0.0898551344871521,0.11609301716089249,0.10037422180175781,0.0942673459649086,0.12191492319107056,0.12373190373182297,0.12455834448337555,0.13785111904144287,0.15882492065429688,0.14477244019508362,0.1702265441417694,0.1729942411184311,0.1931639015674591,0.21067067980766296,0.23057213425636292,0.2364635467529297,0.19831538200378418,0.21007858216762543,0.2617100477218628,0.24570393562316895,0.2666807472705841,0.2405041605234146,0.2579178214073181,0.27437037229537964,0.2198960781097412,0.2629525661468506,0.2625651955604553,0.25490257143974304,0.2623082995414734,0.2588527202606201,0.25705409049987793,0.29137957096099854,0.26122695207595825,0.2788480222225189,0.24343383312225342,0.2710205018520355,0.278574675321579,0.2673919200897217,0.28493231534957886,0.2648303210735321,0.29722046852111816,0.35129639506340027,0.3013443648815155,0.29014843702316284,0.291037917137146
0.layer1.0.bn2.bias,0.016090359538793564,0.016090359538793564,0.06236948072910309,0.10389883071184158,0.14179456233978271,0.14333446323871613,0.17896097898483276,0.20519930124282837,0.19459347426891327,0.1822398602962494,0.22907671332359314,0.24127109348773956,0.24461297690868378,0.26892635226249695,0.31268441677093506,0.27659136056900024,0.30354100465774536,0.3308914303779602,0.3502720594406128,0.354049950838089,0.39617452025413513,0.43127739429473877,0.3881688714027405,0.4084335267543793,0.46602851152420044,0.46597033739089966,0.47525322437286377,0.41906359791755676,0.47274649143218994,0.47279149293899536,0.3631434142589569,0.48160114884376526,0.44024673104286194,0.4713326692581177,0.44637757539749146,0.40928471088409424,0.42962607741355896,0.49255049228668213,0.4417177140712738,0.4787473678588867,0.42221158742904663,0.48212745785713196,0.4840916693210602,0.43053579330444336,0.5160952806472778,0.48841631412506104,0.499287873506546,0.5936567187309265,0.4823022484779358,0.47266918420791626,0.5029425024986267
0.layer1.1.conv1.weight,0.0025010614190250635,0.0025010614190250635,0.029663341119885445,0.04712476208806038,0.06387118250131607,0.06272070854902267,0.07732025533914566,0.08366303145885468,0.07835181802511215,0.07210008054971695,0.089326873421669,0.09411054104566574,0.0849517360329628,0.09873856604099274,0.11556518077850342,0.11164029687643051,0.11175436526536942,0.12309077382087708,0.13533401489257812,0.12926854193210602,0.14428770542144775,0.14726419746875763,0.13009224832057953,0.14164936542510986,0.16149306297302246,0.15487146377563477,0.16200558841228485,0.14717163145542145,0.1568363457918167,0.1657995730638504,0.13816989958286285,0.17364928126335144,0.1541355699300766,0.15821212530136108,0.15114089846611023,0.14289772510528564,0.14263920485973358,0.17041026055812836,0.1467197984457016,0.1561860889196396,0.14281173050403595,0.152181938290596,0.15556758642196655,0.13999952375888824,0.1618988811969757,0.15227478742599487,0.16626809537410736,0.19020141661167145,0.16169579327106476,0.16221505403518677,0.15989157557487488
0.layer1.1.bn1.weight,0.0033403972629457712,0.0033403972629457712,0.03693050891160965,0.06059480458498001,0.08643342554569244,0.08564425259828568,0.10688625276088715,0.11825636029243469,0.10610891878604889,0.09901845455169678,0.12416692078113556,0.1316019892692566,0.12426917254924774,0.14911438524723053,0.17773690819740295,0.1774057149887085,0.17341789603233337,0.18671324849128723,0.2165941745042801,0.21263134479522705,0.23221485316753387,0.2280242145061493,0.2126692682504654,0.23395539820194244,0.2594056725502014,0.24856679141521454,0.26018375158309937,0.24132750928401947,0.2529335618019104,0.27085140347480774,0.23594915866851807,0.3002799153327942,0.25882887840270996,0.2597930431365967,0.2553030550479889,0.24121461808681488,0.23907409608364105,0.2859624922275543,0.2662292718887329,0.2635205388069153,0.23424437642097473,0.2746626138687134,0.2754225730895996,0.23409099876880646,0.2896742820739746,0.251650333404541,0.2837778329849243,0.3326697051525116,0.2921832203865051,0.27554038166999817,0.2627561092376709
0.layer1.1.bn1.bias,0.008468061685562134,0.008468061685562134,0.04942603409290314,0.07465636730194092,0.11276184767484665,0.11598570644855499,0.14520145952701569,0.16388924419879913,0.153548464179039,0.14064030349254608,0.17734408378601074,0.1900341808795929,0.16842485964298248,0.1963246464729309,0.2418213188648224,0.229791522026062,0.23453189432621002,0.2666666507720947,0.3016205430030823,0.29026544094085693,0.330325722694397,0.3353098928928375,0.294752299785614,0.32268890738487244,0.38104838132858276,0.36295121908187866,0.37635013461112976,0.3413815498352051,0.3627214729785919,0.38430511951446533,0.3155108094215393,0.3950125575065613,0.35558998584747314,0.3653227686882019,0.34151315689086914,0.31604641675949097,0.3289593458175659,0.3999338746070862,0.3446075916290283,0.3624627888202667,0.33182212710380554,0.3580763638019562,0.3650602698326111,0.32285037636756897,0.3881039023399353,0.34970971941947937,0.3841002583503723,0.4489383399486542,0.38033026456832886,0.3926463723182678,0.37085992097854614
0.layer1.1.conv2.weight,0.0033391478937119246,0.0033391478937119246,0.02339089848101139,0.03599809110164642,0.04736526682972908,0.046503353863954544,0.05642423406243324,0.06113721430301666,0.055887024849653244,0.05316746234893799,0.06707378476858139,0.07074584811925888,0.06348778307437897,0.07421299070119858,0.08684910833835602,0.08304382860660553,0.08582893759012222,0.09057382494211197,0.09945157915353775,0.09355174005031586,0.10243425518274307,0.10554797202348709,0.10157798230648041,0.10840843617916107,0.11230623722076416,0.11047413945198059,0.11728933453559875,0.1150117740035057,0.11408526450395584,0.12282326817512512,0.10153668373823166,0.12781988084316254,0.11714696884155273,0.11651591211557388,0.1134563460946083,0.11615274101495743,0.11311391741037369,0.1302293986082077,0.11107325553894043,0.12465400248765945,0.11161880940198898,0.1194475069642067,0.11454883217811584,0.11596343666315079,0.12647366523742676,0.12295373529195786,0.1253238022327423,0.14225144684314728,0.12205031514167786,0.12522228062152863,0.1289328783750534
0.layer1.1.bn2.weight,0.005193076096475124,0.005193076096475124,0.024713795632123947,0.03809031471610069,0.04780277609825134,0.04835578426718712,0.057021159678697586,0.06512816250324249,0.058056920766830444,0.05680135637521744,0.07026909291744232,0.07742961496114731,0.07033666968345642,0.09102432429790497,0.10519926249980927,0.1070808470249176,0.11920779943466187,0.12458723038434982,0.14693382382392883,0.13709725439548492,0.1465751975774765,0.1462896764278412,0.14174103736877441,0.16077908873558044,0.15720367431640625,0.15181699395179749,0.1652970314025879,0.16368651390075684,0.15956474840641022,0.1865774542093277,0.1538412868976593,0.20257291197776794,0.17634515464305878,0.17725850641727448,0.1698622852563858,0.18272154033184052,0.16988977789878845,0.19157281517982483,0.1639488935470581,0.1932586133480072,0.16833898425102234,0.18393592536449432,0.16856172680854797,0.17590339481830597,0.18663012981414795,0.18738162517547607,0.1915818303823471,0.1954335719347,0.17286598682403564,0.19210940599441528,0.1773829162120819
0.layer1.1.bn2.bias,0.015685809776186943,0.015685809776186943,0.04774589091539383,0.07188564538955688,0.10048115253448486,0.10265640914440155,0.12580427527427673,0.1441258192062378,0.131214901804924,0.12345996499061584,0.16000832617282867,0.16822558641433716,0.15117886662483215,0.18051642179489136,0.21257036924362183,0.21252071857452393,0.2200945019721985,0.23760129511356354,0.2647581398487091,0.2504204213619232,0.27463364601135254,0.2821298837661743,0.2763902544975281,0.29410529136657715,0.30492350459098816,0.3016168773174286,0.3325539231300354,0.3151165843009949,0.31694886088371277,0.33635658025741577,0.2660355567932129,0.3514138460159302,0.320745587348938,0.3193376362323761,0.3001033663749695,0.3190022110939026,0.3153165578842163,0.37703976035118103,0.3048238158226013,0.35263195633888245,0.3115983307361603,0.3372415006160736,0.31589168310165405,0.32704195380210876,0.3636140823364258,0.3397158980369568,0.3592377305030823,0.41035038232803345,0.3359779119491577,0.35754668712615967,0.3657325804233551
0.layer2.0.conv1.weight,0.0032767390366643667,0.0032767390366643667,0.023045629262924194,0.03594003990292549,0.04681362211704254,0.04558391124010086,0.05147590488195419,0.05752107873558998,0.05215485394001007,0.05111724138259888,0.062123920768499374,0.06745762377977371,0.06479702889919281,0.07589467614889145,0.0932261124253273,0.0937337726354599,0.09873714298009872,0.10277500003576279,0.11108870804309845,0.10636688023805618,0.11547742038965225,0.11567521095275879,0.1090838685631752,0.1192518100142479,0.1311013251543045,0.12644372880458832,0.13411416113376617,0.12705513834953308,0.12710364162921906,0.13756529986858368,0.12306664139032364,0.14295297861099243,0.13324995338916779,0.13453739881515503,0.13105778396129608,0.1344447135925293,0.1313486099243164,0.1478472799062729,0.1281275749206543,0.1408911794424057,0.13046175241470337,0.13914047181606293,0.13690567016601562,0.13645727932453156,0.14494861662387848,0.14815069735050201,0.14877033233642578,0.16290481388568878,0.14236463606357574,0.15291164815425873,0.15802298486232758
0.layer2.0.bn1.weight,0.003472390817478299,0.003472390817478299,0.021572643890976906,0.03439701348543167,0.04579026997089386,0.0435992032289505,0.05113771930336952,0.05573480576276779,0.050633128732442856,0.04898225516080856,0.06305468082427979,0.06752260029315948,0.07045651972293854,0.08702737838029861,0.10974723845720291,0.11501219868659973,0.122788205742836,0.13444140553474426,0.14512315392494202,0.14236053824424744,0.15573367476463318,0.152141273021698,0.14500969648361206,0.16344982385635376,0.17798028886318207,0.17527228593826294,0.18404951691627502,0.17632468044757843,0.1750565469264984,0.19012199342250824,0.1691714972257614,0.20249158143997192,0.1835019886493683,0.18964171409606934,0.1792895346879959,0.1906900256872177,0.18323849141597748,0.21042880415916443,0.18287134170532227,0.1994761973619461,0.18487653136253357,0.19931185245513916,0.19526688754558563,0.19455447793006897,0.20317323505878448,0.2077564001083374,0.21051105856895447,0.237685427069664,0.20450502634048462,0.223441481590271,0.22577276825904846
0.layer2.0.bn1.bias,0.008172915317118168,0.008172915317118168,0.02809378132224083,0.04109421372413635,0.05751774460077286,0.057600535452365875,0.06729103624820709,0.07656100392341614,0.07066690921783447,0.06889322400093079,0.0860043615102768,0.09365464001893997,0.09222040325403214,0.11108124256134033,0.1420789659023285,0.14322899281978607,0.1531257927417755,0.16724322736263275,0.18028667569160461,0.1754283905029297,0.1915096640586853,0.19539403915405273,0.18732139468193054,0.2069624662399292,0.2285251021385193,0.22041308879852295,0.23410411179065704,0.21752771735191345,0.22366225719451904,0.24152833223342896,0.2152765989303589,0.2534053325653076,0.23272205889225006,0.23933447897434235,0.22700034081935883,0.23732411861419678,0.23117397725582123,0.265298068523407,0.2305101603269577,0.24941527843475342,0.231711283326149,0.2540769875049591,0.24930652976036072,0.2476632297039032,0.26138824224472046,0.2641741931438446,0.27009451389312744,0.30155324935913086,0.2608951926231384,0.28483158349990845,0.29554346203804016
0.layer2.0.conv2.weight,0.002260267036035657,0.002260267036035657,0.011909258551895618,0.01743129827082157,0.0227190051227808,0.021597469225525856,0.026389844715595245,0.02897060289978981,0.02757485769689083,0.02722487412393093,0.032807450741529465,0.034548211842775345,0.038755275309085846,0.05128728225827217,0.06476622074842453,0.0655541718006134,0.07114406675100327,0.07451222091913223,0.08120852708816528,0.07824204117059708,0.08417706936597824,0.08584430068731308,0.08356191217899323,0.08822387456893921,0.09642031788825989,0.09382062405347824,0.09879444539546967,0.09322140365839005,0.0935385599732399,0.10224661976099014,0.09560037404298782,0.10334284603595734,0.0998537614941597,0.09984062612056732,0.09912049770355225,0.09900663048028946,0.09910742193460464,0.10543450713157654,0.0980822890996933,0.09903398901224136,0.09814358502626419,0.1046050488948822,0.10183929651975632,0.10005094856023788,0.10502207279205322,0.10758238285779953,0.1048521175980568,0.11162097007036209,0.10598251968622208,0.10802006721496582,0.11563212424516678
0.layer2.0.bn2.weight,0.004562335088849068,0.004562335088849068,0.015598968602716923,0.023537680506706238,0.031565774232149124,0.031119216233491898,0.03859787434339523,0.041088737547397614,0.03868164122104645,0.03896795213222504,0.04763288050889969,0.051114924252033234,0.05830835551023483,0.07990312576293945,0.10928484052419662,0.10869327932596207,0.12175430357456207,0.1266355663537979,0.14494828879833221,0.1401054859161377,0.15129134058952332,0.1551813930273056,0.15318168699741364,0.16533257067203522,0.1841222643852234,0.17649132013320923,0.19144552946090698,0.18213346600532532,0.1778438240289688,0.19462215900421143,0.1917426884174347,0.20857244729995728,0.19496968388557434,0.19961696863174438,0.1923857182264328,0.19331113994121552,0.194255530834198,0.20580047369003296,0.19461941719055176,0.1961064338684082,0.19847747683525085,0.21040894091129303,0.2015565037727356,0.2048402577638626,0.2108616828918457,0.2172403782606125,0.21252471208572388,0.2228570133447647,0.2091558873653412,0.2178257405757904,0.24118036031723022
0.layer2.0.bn2.bias,0.011866459622979164,0.011866459622979164,0.024427352473139763,0.03517112135887146,0.047968268394470215,0.04781966656446457,0.059271495789289474,0.06716284155845642,0.06499291956424713,0.06359641999006271,0.0777759701013565,0.08047705888748169,0.09162043780088425,0.12424519658088684,0.15480780601501465,0.15680214762687683,0.16943290829658508,0.1777556985616684,0.19559596478939056,0.1905059963464737,0.2046527862548828,0.21581268310546875,0.2099040448665619,0.22379770874977112,0.24195596575737,0.24032270908355713,0.2511169910430908,0.23478490114212036,0.24113330245018005,0.2625879943370819,0.24677707254886627,0.2628127336502075,0.2582296133041382,0.25754064321517944,0.25197136402130127,0.255109041929245,0.256283164024353,0.27733081579208374,0.25414931774139404,0.25702905654907227,0.2563324272632599,0.27150624990463257,0.26849961280822754,0.26308172941207886,0.27800512313842773,0.2823556959629059,0.276447057723999,0.2965545356273651,0.2806679308414459,0.29350975155830383,0.3160848319530487
0.layer2.0.downsample.0.weight,0.004497464280575514,0.004497464280575514,0.020566627383232117,0.03130004554986954,0.039797600358724594,0.038496874272823334,0.04681249335408211,0.051321059465408325,0.04926709085702896,0.0489095076918602,0.05795527994632721,0.06104133650660515,0.07078970223665237,0.09201885014772415,0.11133535951375961,0.11307840049266815,0.12056365609169006,0.12366322427988052,0.1342465728521347,0.12837430834770203,0.1379762887954712,0.14061306416988373,0.13581541180610657,0.14515581727027893,0.15668702125549316,0.15222464501857758,0.15862911939620972,0.14882966876029968,0.14939314126968384,0.16352109611034393,0.15146568417549133,0.16476094722747803,0.15961048007011414,0.1584281325340271,0.15698616206645966,0.15693256258964539,0.15630096197128296,0.16706568002700806,0.1552845537662506,0.15703943371772766,0.1542264223098755,0.16284547746181488,0.16094525158405304,0.15689708292484283,0.16532501578330994,0.16901519894599915,0.16521859169006348,0.17506477236747742,0.1667853593826294,0.17190960049629211,0.18253406882286072
0.layer2.0.downsample.1.weight,0.0047713378444314,0.0047713378444314,0.017127495259046555,0.023648077622056007,0.029694199562072754,0.029544513672590256,0.03469303995370865,0.036949485540390015,0.03692471235990524,0.03499116748571396,0.04089623689651489,0.041996799409389496,0.05151067674160004,0.06896528601646423,0.08298107981681824,0.08812843263149261,0.09167245030403137,0.09507401287555695,0.1034369021654129,0.099080890417099,0.10508478432893753,0.11767081916332245,0.11243966221809387,0.12211857736110687,0.1297149360179901,0.13117606937885284,0.13537681102752686,0.1268959641456604,0.12296117842197418,0.13993610441684723,0.13281802833080292,0.14376404881477356,0.13726253807544708,0.1352410614490509,0.13372838497161865,0.136189267039299,0.13287195563316345,0.13926760852336884,0.13767772912979126,0.1336330771446228,0.13016605377197266,0.14107996225357056,0.13783352077007294,0.12854361534118652,0.14260977506637573,0.14086338877677917,0.14659103751182556,0.1511397659778595,0.15195271372795105,0.1470201164484024,0.15938395261764526
0.layer2.0.downsample.1.bias,0.011866459622979164,0.011866459622979164,0.024427352473139763,0.03517112135887146,0.047968268394470215,0.04781966656446457,0.059271495789289474,0.06716284155845642,0.06499291956424713,0.06359641999006271,0.0777759701013565,0.08047705888748169,0.09162043780088425,0.12424519658088684,0.15480780601501465,0.15680214762687683,0.16943290829658508,0.1777556985616684,0.19559596478939056,0.1905059963464737,0.2046527862548828,0.21581268310546875,0.2099040448665619,0.22379770874977112,0.24195596575737,0.24032270908355713,0.2511169910430908,0.23478490114212036,0.24113330245018005,0.2625879943370819,0.24677707254886627,0.2628127336502075,0.2582296133041382,0.25754064321517944,0.25197136402130127,0.255109041929245,0.256283164024353,0.27733081579208374,0.25414931774139404,0.25702905654907227,0.2563324272632599,0.27150624990463257,0.26849961280822754,0.26308172941207886,0.27800512313842773,0.2823556959629059,0.276447057723999,0.2965545356273651,0.2806679308414459,0.29350975155830383,0.3160848319530487
0.layer2.1.conv1.weight,0.003057717112824321,0.003057717112824321,0.010637737810611725,0.016118520870804787,0.021217048168182373,0.020389577373862267,0.02450038492679596,0.027236023917794228,0.02709142304956913,0.026315277442336082,0.031178364530205727,0.032151151448488235,0.04047458991408348,0.05494941771030426,0.06821532547473907,0.07275673747062683,0.07826625555753708,0.08362983912229538,0.0886734202504158,0.08421310037374496,0.0895635262131691,0.08804406970739365,0.08946231752634048,0.09185770153999329,0.103106789290905,0.10061163455247879,0.10446988046169281,0.09803812205791473,0.09812837094068527,0.10586801916360855,0.10229678452014923,0.11049794405698776,0.10404173284769058,0.10316842049360275,0.1037687435746193,0.10479358583688736,0.10000022500753403,0.11098253726959229,0.10562221705913544,0.10512808710336685,0.10291765630245209,0.10628249496221542,0.10684667527675629,0.10393192619085312,0.10954531282186508,0.11042959243059158,0.11151880770921707,0.11574263125658035,0.11004369705915451,0.11646433919668198,0.11732697486877441
0.layer2.1.bn1.weight,0.00538617605343461,0.00538617605343461,0.01790739595890045,0.02784883603453636,0.03595235198736191,0.03493652865290642,0.04398287087678909,0.04882730543613434,0.048354554921388626,0.04701654613018036,0.055332574993371964,0.05629963427782059,0.07289090752601624,0.10344674438238144,0.13049238920211792,0.14318102598190308,0.1560538113117218,0.16925814747810364,0.18129543960094452,0.17563819885253906,0.18764160573482513,0.18530544638633728,0.18845245242118835,0.19544605910778046,0.2200363427400589,0.2152513861656189,0.22915205359458923,0.21164795756340027,0.21791306138038635,0.2338322401046753,0.23198780417442322,0.24165700376033783,0.22949126362800598,0.2246764898300171,0.22669386863708496,0.23216615617275238,0.22140924632549286,0.2497863918542862,0.23850663006305695,0.23360832035541534,0.2237144112586975,0.23160357773303986,0.23634761571884155,0.22562406957149506,0.2426486611366272,0.2441689372062683,0.24599044024944305,0.25707846879959106,0.24137775599956512,0.2622033357620239,0.25726252794265747
0.layer2.1.bn1.bias,0.010721888393163681,0.010721888393163681,0.020852629095315933,0.032862111926078796,0.044648200273513794,0.04364483803510666,0.053529080003499985,0.060960158705711365,0.06168825924396515,0.05935578793287277,0.07219971716403961,0.07173815369606018,0.09150822460651398,0.12899261713027954,0.16175442934036255,0.17383252084255219,0.18928050994873047,0.20638367533683777,0.2164791077375412,0.20754459500312805,0.22157368063926697,0.22107386589050293,0.22685547173023224,0.2338324934244156,0.2629104256629944,0.25712817907333374,0.2679317891597748,0.24544450640678406,0.25423866510391235,0.27606257796287537,0.26562243700027466,0.28206005692481995,0.2703847289085388,0.2654101252555847,0.2625373899936676,0.2694147527217865,0.2538853883743286,0.2933957576751709,0.2737865447998047,0.27044689655303955,0.26671093702316284,0.27420830726623535,0.27688494324684143,0.26932811737060547,0.2842893898487091,0.28453555703163147,0.2893487513065338,0.3023088574409485,0.2888321280479431,0.3118542432785034,0.3096580505371094
0.layer2.1.conv2.weight,0.0038936585187911987,0.0038936585187911987,0.010460037738084793,0.015024018473923206,0.018810132518410683,0.018456334248185158,0.02254118211567402,0.024421781301498413,0.023697296157479286,0.0231475830078125,0.027342835441231728,0.027524327859282494,0.035546015948057175,0.04947860538959503,0.06328553706407547,0.06553999334573746,0.0734739899635315,0.07737963646650314,0.0835193395614624,0.08088463544845581,0.08420687913894653,0.08707109838724136,0.08650656789541245,0.09113551676273346,0.09951756149530411,0.09755311906337738,0.09914901852607727,0.09679443389177322,0.09576886892318726,0.10172602534294128,0.10085263103246689,0.10766172409057617,0.10354358702898026,0.10269272327423096,0.10212763398885727,0.10418953001499176,0.10357902199029922,0.10928556323051453,0.10349889099597931,0.10381658375263214,0.10584481805562973,0.10768149793148041,0.10873230546712875,0.10583312809467316,0.11005763709545135,0.11180146783590317,0.11032714694738388,0.11868658661842346,0.11138936132192612,0.11537643522024155,0.11973676830530167
0.layer2.1.bn2.weight,0.005286114290356636,0.005286114290356636,0.01213945634663105,0.017726905643939972,0.02300412952899933,0.0230835173279047,0.027042290195822716,0.028943216428160667,0.029821224510669708,0.029232213273644447,0.03272765874862671,0.03311299905180931,0.0426807627081871,0.061073776334524155,0.08337418735027313,0.0882861465215683,0.09959030151367188,0.10740748047828674,0.11525950580835342,0.11295943707227707,0.12065254151821136,0.12042908370494843,0.13129699230194092,0.13444013893604279,0.14899393916130066,0.142034649848938,0.15133821964263916,0.14229711890220642,0.14616936445236206,0.15243230760097504,0.15442991256713867,0.1626710593700409,0.16089969873428345,0.15818612277507782,0.15762364864349365,0.16127358376979828,0.15810781717300415,0.17318250238895416,0.156095951795578,0.15497328341007233,0.1558142602443695,0.16285490989685059,0.1670902669429779,0.16345873475074768,0.17282232642173767,0.17140506207942963,0.16153424978256226,0.18028675019741058,0.1694817692041397,0.16962841153144836,0.17893780767917633
0.layer2.1.bn2.bias,0.014578500762581825,0.014578500762581825,0.02193106710910797,0.029900167137384415,0.03845757991075516,0.03987441956996918,0.04915985092520714,0.05493893474340439,0.054138630628585815,0.05223700776696205,0.0622774101793766,0.061007581651210785,0.07849063724279404,0.11211322993040085,0.14119502902030945,0.14826244115829468,0.1660192906856537,0.17844802141189575,0.18939308822155,0.18512621521949768,0.19569003582000732,0.2037123441696167,0.20317327976226807,0.21308934688568115,0.23479622602462769,0.23079706728458405,0.23083534836769104,0.22281433641910553,0.22139285504817963,0.2359347939491272,0.23100176453590393,0.24838140606880188,0.2365192025899887,0.23416092991828918,0.23160386085510254,0.2381666600704193,0.23746192455291748,0.2576255798339844,0.24160990118980408,0.24001559615135193,0.24280720949172974,0.2493966966867447,0.25091421604156494,0.24518585205078125,0.2550883889198303,0.25784218311309814,0.2523861825466156,0.2754272222518921,0.256950706243515,0.26877713203430176,0.28240150213241577
0.layer3.0.conv1.weight,0.0032899456564337015,0.0032899456564337015,0.009246877394616604,0.012325217016041279,0.015247692354023457,0.01582312025129795,0.0188564732670784,0.020538004115223885,0.020425042137503624,0.02018735557794571,0.023932931944727898,0.024832213297486305,0.033120062202215195,0.04562624916434288,0.05855396017432213,0.06299415975809097,0.07009390741586685,0.07479677349328995,0.08151033520698547,0.08087773621082306,0.08751510828733444,0.0897398591041565,0.08965138345956802,0.09793443232774734,0.10469547659158707,0.10299569368362427,0.10582074522972107,0.10275302082300186,0.10103420168161392,0.10795716196298599,0.10737162083387375,0.11122209578752518,0.11248937249183655,0.10992298275232315,0.1114264726638794,0.11395525932312012,0.11293954402208328,0.11446867138147354,0.10771682858467102,0.11066200584173203,0.1135142371058464,0.11369077116250992,0.1123523861169815,0.11261117458343506,0.1169348731637001,0.11814647167921066,0.11882005631923676,0.1230672225356102,0.12072888761758804,0.1204482689499855,0.12804192304611206
0.layer3.0.bn1.weight,0.003994863945990801,0.003994863945990801,0.009204739704728127,0.012716349214315414,0.01633388176560402,0.016656942665576935,0.019852615892887115,0.02285560593008995,0.022234681993722916,0.021914053708314896,0.026070022955536842,0.02707749977707863,0.0373511016368866,0.055610306560993195,0.07552795112133026,0.08198516070842743,0.09344266355037689,0.10145051777362823,0.1107720285654068,0.1119125708937645,0.1211385726928711,0.12398086488246918,0.12555138766765594,0.14007508754730225,0.14937461912631989,0.147175133228302,0.15174992382526398,0.14731153845787048,0.14894378185272217,0.15746471285820007,0.15807963907718658,0.1649962067604065,0.16646525263786316,0.16381672024726868,0.1674671471118927,0.17298033833503723,0.16789519786834717,0.17190229892730713,0.1609933078289032,0.16473369300365448,0.16925093531608582,0.17003118991851807,0.17153921723365784,0.16944101452827454,0.17874355614185333,0.1797657012939453,0.17905670404434204,0.1883246898651123,0.18600845336914062,0.1825370341539383,0.19466449320316315
0.layer3.0.bn1.bias,0.007753629703074694,0.007753629703074694,0.011413369327783585,0.014669572003185749,0.01847565546631813,0.019916780292987823,0.02432180382311344,0.02752375602722168,0.027938678860664368,0.027855051681399345,0.033434800803661346,0.033781737089157104,0.04625743627548218,0.06549077481031418,0.08453424274921417,0.09286841750144958,0.10534590482711792,0.1149354875087738,0.12385544180870056,0.12439130246639252,0.13398849964141846,0.1400890052318573,0.1400575041770935,0.15410640835762024,0.1640980839729309,0.1642456203699112,0.16590401530265808,0.1586608588695526,0.15914508700370789,0.17347833514213562,0.16983093321323395,0.17708048224449158,0.17890207469463348,0.17494270205497742,0.17638835310935974,0.1836654245853424,0.18009433150291443,0.18426522612571716,0.1731390506029129,0.17718945443630219,0.18207988142967224,0.18526491522789001,0.1818191409111023,0.1807539463043213,0.18959254026412964,0.1877799928188324,0.19133254885673523,0.19975236058235168,0.19878874719142914,0.19958510994911194,0.2103850543498993
0.layer3.0.conv2.weight,0.0025521304924041033,0.0025521304924041033,0.005851387046277523,0.0073905522003769875,0.008925733156502247,0.009044280275702477,0.010532784275710583,0.011542023159563541,0.011794005520641804,0.011937407776713371,0.01353418081998825,0.014594904147088528,0.021537113934755325,0.030718082562088966,0.03992531821131706,0.04561349377036095,0.05192805454134941,0.057851068675518036,0.06370381265878677,0.06573875993490219,0.06944338232278824,0.07260118424892426,0.07504695653915405,0.07986397296190262,0.08531056344509125,0.08585131168365479,0.08824406564235687,0.08878538757562637,0.08794675767421722,0.08988702297210693,0.09323699027299881,0.09228400141000748,0.09393380582332611,0.09274028241634369,0.09579137712717056,0.0983802005648613,0.09721827507019043,0.09682217985391617,0.09299860894680023,0.0959044024348259,0.10116700083017349,0.09922119230031967,0.09831205010414124,0.09956066310405731,0.10173428058624268,0.10379109531641006,0.10251528769731522,0.10553693771362305,0.10265270620584488,0.10275065153837204,0.10813971608877182
0.layer3.0.bn2.weight,0.004747583530843258,0.004747583530843258,0.008420911617577076,0.011011374182999134,0.013576843775808811,0.013859599828720093,0.016361156478524208,0.017490925267338753,0.017838936299085617,0.017970219254493713,0.021061070263385773,0.022946756333112717,0.034810621291399,0.05204261094331741,0.07014822959899902,0.08020312339067459,0.09280014038085938,0.10438041388988495,0.11693380773067474,0.1184181496500969,0.12543189525604248,0.13246525824069977,0.14033013582229614,0.14643552899360657,0.16103297472000122,0.16241130232810974,0.16843974590301514,0.171012744307518,0.17025314271450043,0.17268991470336914,0.18390090763568878,0.1822863519191742,0.18367862701416016,0.18397629261016846,0.18762332201004028,0.19128431379795074,0.1911792904138565,0.1926826536655426,0.18534386157989502,0.19468863308429718,0.19906127452850342,0.20228810608386993,0.19756746292114258,0.19851277768611908,0.2038537561893463,0.2061026394367218,0.20282217860221863,0.2133178859949112,0.21107612550258636,0.2079702615737915,0.222111314535141
0.layer3.0.bn2.bias,0.010083699598908424,0.010083699598908424,0.013140746392309666,0.01573210023343563,0.018789678812026978,0.01978221908211708,0.023106899112462997,0.026177316904067993,0.027456004172563553,0.027770351618528366,0.0317985862493515,0.03271853178739548,0.047933004796504974,0.06786578893661499,0.08533790707588196,0.09875379502773285,0.11185168474912643,0.1263391673564911,0.13611918687820435,0.14103083312511444,0.14929869771003723,0.156332865357399,0.1609828770160675,0.16860488057136536,0.18311557173728943,0.18232469260692596,0.18824481964111328,0.1865004599094391,0.18772557377815247,0.19232679903507233,0.1977969855070114,0.19580720365047455,0.20069779455661774,0.19704510271549225,0.20105817914009094,0.209178164601326,0.20870782434940338,0.2078985571861267,0.20272797346115112,0.20583435893058777,0.21719184517860413,0.21298056840896606,0.21365076303482056,0.21503213047981262,0.21971562504768372,0.2222684621810913,0.21888244152069092,0.2301359623670578,0.22466948628425598,0.22364547848701477,0.23732534050941467
0.layer3.0.downsample.0.weight,0.004350950010120869,0.004350950010120869,0.010295107960700989,0.013136835768818855,0.01585334911942482,0.01618695631623268,0.01891983300447464,0.020655719563364983,0.02119271084666252,0.02161325514316559,0.024500135332345963,0.026011977344751358,0.03808997571468353,0.05219314619898796,0.0661611333489418,0.07503151893615723,0.08359725773334503,0.09171362221240997,0.09991075098514557,0.10161282122135162,0.10685567557811737,0.110181525349617,0.11197587847709656,0.11796802282333374,0.12769314646720886,0.12508735060691833,0.12897485494613647,0.12899446487426758,0.12755021452903748,0.13094380497932434,0.1343126744031906,0.13292647898197174,0.13488706946372986,0.1326543092727661,0.13674992322921753,0.13902069628238678,0.13920721411705017,0.13770663738250732,0.1327497661113739,0.13544565439224243,0.1423722803592682,0.13939976692199707,0.13955137133598328,0.14075274765491486,0.1431158483028412,0.14657217264175415,0.1433570384979248,0.14889171719551086,0.14447110891342163,0.14345625042915344,0.15207639336585999
0.layer3.0.downsample.1.weight,0.004884540103375912,0.004884540103375912,0.007959931157529354,0.010080013424158096,0.011820349842309952,0.012142621912062168,0.014249867759644985,0.01473839022219181,0.015844780951738358,0.016546882688999176,0.01862606778740883,0.019669674336910248,0.0291462242603302,0.04043899476528168,0.05184986814856529,0.05906185507774353,0.06751077622175217,0.07397721707820892,0.07876820117235184,0.08427706360816956,0.08698540925979614,0.09163540601730347,0.09424754232168198,0.09828175604343414,0.10780177265405655,0.10625091195106506,0.11194000393152237,0.11159303039312363,0.11086797714233398,0.11248011887073517,0.1190265566110611,0.11899200081825256,0.1201954185962677,0.1198422834277153,0.12473331391811371,0.1277916133403778,0.12693697214126587,0.1257127970457077,0.12585137784481049,0.1255072057247162,0.13329389691352844,0.1287003755569458,0.1300029754638672,0.13188156485557556,0.13304713368415833,0.1366284191608429,0.13091295957565308,0.1405874341726303,0.1365845501422882,0.13806858658790588,0.1423463523387909
0.layer3.0.downsample.1.bias,0.010083699598908424,0.010083699598908424,0.013140746392309666,0.01573210023343563,0.018789678812026978,0.01978221908211708,0.023106899112462997,0.026177316904067993,0.027456004172563553,0.027770351618528366,0.0317985862493515,0.03271853178739548,0.047933004796504974,0.06786578893661499,0.08533790707588196,0.09875379502773285,0.11185168474912643,0.1263391673564911,0.13611918687820435,0.14103083312511444,0.14929869771003723,0.156332865357399,0.1609828770160675,0.16860488057136536,0.18311557173728943,0.18232469260692596,0.18824481964111328,0.1865004599094391,0.18772557377815247,0.19232679903507233,0.1977969855070114,0.19580720365047455,0.20069779455661774,0.19704510271549225,0.20105817914009094,0.209178164601326,0.20870782434940338,0.2078985571861267,0.20272797346115112,0.20583435893058777,0.21719184517860413,0.21298056840896606,0.21365076303482056,0.21503213047981262,0.21971562504768372,0.2222684621810913,0.21888244152069092,0.2301359623670578,0.22466948628425598,0.22364547848701477,0.23732534050941467
0.layer3.1.conv1.weight,0.0030484029557555914,0.0030484029557555914,0.005650633946061134,0.007141799665987492,0.008424895815551281,0.008844111114740372,0.010246570222079754,0.011376987211406231,0.011577787809073925,0.01178628671914339,0.013491702266037464,0.014186481945216656,0.021282030269503593,0.030252277851104736,0.03849630430340767,0.04491322115063667,0.05141882225871086,0.05998266488313675,0.06717745214700699,0.07045470178127289,0.07705867290496826,0.080279640853405,0.08344873040914536,0.08948861062526703,0.09520146995782852,0.09355448186397552,0.09787913411855698,0.09871559590101242,0.09924708306789398,0.10241112858057022,0.10477643460035324,0.10495875775814056,0.10930321365594864,0.10772188007831573,0.1089799702167511,0.11256711930036545,0.11410597711801529,0.11125993728637695,0.11026729643344879,0.11191190779209137,0.11600878834724426,0.11549875885248184,0.11369596421718597,0.11540357023477554,0.11511565744876862,0.11831185966730118,0.11773019284009933,0.11991284042596817,0.1173863559961319,0.1201733723282814,0.1242985725402832
0.layer3.1.bn1.weight,0.006048368290066719,0.006048368290066719,0.009486787021160126,0.01211810577660799,0.015021035447716713,0.015570473857223988,0.017882391810417175,0.020292235538363457,0.020629193633794785,0.02143806591629982,0.024126915261149406,0.025420431047677994,0.03864647075533867,0.05693110078573227,0.07506325840950012,0.08833718299865723,0.10249225795269012,0.11979857087135315,0.1356354057788849,0.14438964426517487,0.15776503086090088,0.16564801335334778,0.16897958517074585,0.18325218558311462,0.19297903776168823,0.19146233797073364,0.20081079006195068,0.20388267934322357,0.20844554901123047,0.2120608687400818,0.2182917445898056,0.21894890069961548,0.22692526876926422,0.22705447673797607,0.22851675748825073,0.23403754830360413,0.23737689852714539,0.2315891683101654,0.23255707323551178,0.23623041808605194,0.24506807327270508,0.24388495087623596,0.24031579494476318,0.24523285031318665,0.24069993197917938,0.2522224485874176,0.24870696663856506,0.25374144315719604,0.2498524785041809,0.259108304977417,0.26437485218048096
0.layer3.1.bn1.bias,0.008003812283277512,0.008003812283277512,0.012547102756798267,0.015085292048752308,0.017476622015237808,0.019383300095796585,0.022316738963127136,0.025374235585331917,0.026699742302298546,0.027336083352565765,0.031066816300153732,0.030993567779660225,0.04546358436346054,0.06421905010938644,0.0793522372841835,0.09459951519966125,0.1081923246383667,0.12795868515968323,0.1425294727087021,0.15183651447296143,0.1667080670595169,0.17408627271652222,0.18048258125782013,0.19182834029197693,0.20573094487190247,0.201552614569664,0.2108120173215866,0.2107771635055542,0.21210885047912598,0.22047293186187744,0.22499075531959534,0.22189277410507202,0.23386521637439728,0.23164765536785126,0.2329588532447815,0.2410578429698944,0.24888885021209717,0.23975206911563873,0.24193355441093445,0.24120759963989258,0.2527744472026825,0.25073373317718506,0.24955841898918152,0.25058406591415405,0.2513626515865326,0.2525749206542969,0.25422143936157227,0.26034224033355713,0.25943735241889954,0.26367151737213135,0.2702707052230835
0.layer3.1.conv2.weight,0.004078786354511976,0.004078786354511976,0.0059211840853095055,0.006984690669924021,0.008067891001701355,0.008474037051200867,0.009767803363502026,0.010490168817341328,0.010922121815383434,0.01127892080694437,0.012573495507240295,0.013474076986312866,0.01973470114171505,0.026865752413868904,0.03432955592870712,0.039847493171691895,0.04618227481842041,0.053923483937978745,0.06267440319061279,0.06656232476234436,0.07215000689029694,0.07735730707645416,0.0830099806189537,0.08883896470069885,0.09486053138971329,0.09643498063087463,0.10086725652217865,0.10418744385242462,0.1052374318242073,0.10879502445459366,0.11008642613887787,0.11048325896263123,0.11508352309465408,0.11366283893585205,0.11802347749471664,0.12064940482378006,0.12104443460702896,0.120344378054142,0.11913982033729553,0.12204501777887344,0.12517425417900085,0.12497487664222717,0.12266993522644043,0.12474258989095688,0.12664730846881866,0.1303587704896927,0.12793710827827454,0.12816914916038513,0.13002988696098328,0.12864109873771667,0.1340044140815735
0.layer3.1.bn2.weight,0.007123852148652077,0.007123852148652077,0.007035884540528059,0.008790174499154091,0.010124591179192066,0.010494709946215153,0.011578712612390518,0.012814035639166832,0.013099190779030323,0.013722164556384087,0.015068717300891876,0.016521567478775978,0.024786638095974922,0.03426692262291908,0.04494365304708481,0.051849931478500366,0.059141844511032104,0.06908120959997177,0.08045719563961029,0.0856848657131195,0.0937754437327385,0.09842986613512039,0.10658708214759827,0.1158415824174881,0.12299013882875443,0.12226785719394684,0.12820209562778473,0.13179616630077362,0.13468503952026367,0.1371786892414093,0.13960090279579163,0.1403372883796692,0.1477864384651184,0.14519619941711426,0.1500144600868225,0.15646590292453766,0.14901357889175415,0.1524524837732315,0.15242263674736023,0.1582966148853302,0.1591777801513672,0.158990278840065,0.15835994482040405,0.1594204604625702,0.1618274301290512,0.1688043773174286,0.16503682732582092,0.1658000349998474,0.16787096858024597,0.164833202958107,0.17227478325366974
0.layer3.1.bn2.bias,0.012985138222575188,0.012985138222575188,0.014050941914319992,0.015898428857326508,0.018017353489995003,0.019342493265867233,0.021798565983772278,0.023836616426706314,0.025201618671417236,0.025972049683332443,0.028746603056788445,0.02968251332640648,0.041888490319252014,0.05558660998940468,0.06803608685731888,0.08000357449054718,0.09110072255134583,0.10679246485233307,0.12271320819854736,0.13043664395809174,0.1407654583454132,0.1512584537267685,0.16131603717803955,0.1707724630832672,0.18340954184532166,0.18685252964496613,0.19474530220031738,0.19850388169288635,0.2031632661819458,0.21010670065879822,0.20896334946155548,0.2096266895532608,0.2196883261203766,0.21692922711372375,0.22489064931869507,0.23145554959774017,0.23099666833877563,0.2304193377494812,0.22915056347846985,0.23436188697814941,0.23982375860214233,0.23843756318092346,0.2377607375383377,0.23859460651874542,0.24387376010417938,0.2449074685573578,0.24496161937713623,0.24428218603134155,0.24920417368412018,0.2459983229637146,0.25584423542022705
0.layer4.0.conv1.weight,0.0034607399720698595,0.0034607399720698595,0.005526714958250523,0.0063482606783509254,0.00727832643315196,0.007610269822180271,0.008495881222188473,0.009045514278113842,0.009465132839977741,0.009997233748435974,0.010868378914892673,0.011885387822985649,0.017410844564437866,0.02338353544473648,0.03001612052321434,0.035652533173561096,0.04170779511332512,0.04946083575487137,0.057831790298223495,0.06412366777658463,0.07131343334913254,0.07694630324840546,0.08445463329553604,0.09213875979185104,0.09874357283115387,0.10149841755628586,0.10871271044015884,0.11275241523981094,0.11322470754384995,0.11832931637763977,0.12094582617282867,0.12098304182291031,0.12779982388019562,0.1282447725534439,0.1330544501543045,0.13488025963306427,0.13622267544269562,0.13454720377922058,0.1332142949104309,0.1379842460155487,0.14246268570423126,0.14088980853557587,0.1410824954509735,0.143964484333992,0.14538492262363434,0.1504269391298294,0.14869876205921173,0.14998769760131836,0.14970381557941437,0.15084828436374664,0.15455935895442963
0.layer4.0.bn1.weight,0.004251146223396063,0.004251146223396063,0.005986666306853294,0.006795692257583141,0.007982250303030014,0.008341770619153976,0.009283898398280144,0.009919284842908382,0.01044216938316822,0.011047277599573135,0.011965448036789894,0.013145158998668194,0.019596658647060394,0.026666708290576935,0.034802645444869995,0.04211539775133133,0.049529168754816055,0.0585966557264328,0.06992771476507187,0.07773569971323013,0.08594037592411041,0.09368641674518585,0.10230052471160889,0.11176329106092453,0.11983509361743927,0.12302463501691818,0.13203206658363342,0.1384269893169403,0.13867491483688354,0.14573252201080322,0.14880239963531494,0.15027481317520142,0.15894034504890442,0.16007408499717712,0.16696569323539734,0.16965097188949585,0.17285311222076416,0.17054307460784912,0.16963952779769897,0.17617323994636536,0.18115967512130737,0.1797981560230255,0.17848296463489532,0.18328218162059784,0.1837729811668396,0.18917959928512573,0.188392773270607,0.18926939368247986,0.19002579152584076,0.19035568833351135,0.19609923660755157
0.layer4.0.bn1.bias,0.006069798022508621,0.006069798022508621,0.008012289181351662,0.008759265765547752,0.009760822169482708,0.010575206950306892,0.011681856587529182,0.0125912856310606,0.01353583112359047,0.014363715425133705,0.015452086925506592,0.016014939174056053,0.0229392908513546,0.03032543510198593,0.03737407550215721,0.04516956955194473,0.05264437198638916,0.06261333078145981,0.0727873295545578,0.08200150728225708,0.09041767567396164,0.09895583987236023,0.10837718844413757,0.11757449060678482,0.12734033167362213,0.13107658922672272,0.1407313346862793,0.1454334855079651,0.1474548727273941,0.15549908578395844,0.1576310247182846,0.1581312119960785,0.16834741830825806,0.16861633956432343,0.17428651452064514,0.1771407276391983,0.18062636256217957,0.1776033341884613,0.1780889332294464,0.18272699415683746,0.1904679834842682,0.1880670189857483,0.19071245193481445,0.1922835111618042,0.19526579976081848,0.20042888820171356,0.19883528351783752,0.19989562034606934,0.2018500715494156,0.2033877670764923,0.20772217214107513
0.layer4.0.conv2.weight,0.002385915955528617,0.002385915955528617,0.003734982805326581,0.0041268691420555115,0.004601985216140747,0.004853604827076197,0.0052777742967009544,0.005573874805122614,0.005769780371338129,0.006046874914318323,0.006343236658722162,0.006886109709739685,0.00966360978782177,0.01208638958632946,0.014738242141902447,0.017223382368683815,0.020122256129980087,0.02318815141916275,0.02676597610116005,0.02949672006070614,0.03266320005059242,0.03556939586997032,0.0387798435986042,0.04262005537748337,0.04555988311767578,0.046916622668504715,0.04975442215800285,0.052492111921310425,0.05286373570561409,0.05595378950238228,0.05691203847527504,0.057842619717121124,0.06116671860218048,0.06129639595746994,0.06437733769416809,0.06549075990915298,0.06722386926412582,0.06613180041313171,0.0665397122502327,0.06843600422143936,0.07031653076410294,0.07057199627161026,0.07069770246744156,0.07231880724430084,0.07278282195329666,0.07522566616535187,0.07454751431941986,0.07521746307611465,0.07607516646385193,0.0760633647441864,0.07772795110940933
0.layer4.0.bn2.weight,0.004704945720732212,0.004704945720732212,0.0060326093807816505,0.006828369572758675,0.0076784249395132065,0.007974060252308846,0.008736162446439266,0.009130949154496193,0.009453868493437767,0.009810596704483032,0.010202967561781406,0.01144254207611084,0.016031555831432343,0.019654657691717148,0.023101046681404114,0.027289465069770813,0.03075302392244339,0.03540365397930145,0.040842100977897644,0.0439230278134346,0.04869970679283142,0.05275025963783264,0.05708753317594528,0.06221975013613701,0.06533417105674744,0.06754457950592041,0.07146157324314117,0.0753910094499588,0.07492542266845703,0.07792066037654877,0.0805056020617485,0.08177932351827621,0.08677789568901062,0.08663991093635559,0.09175728261470795,0.09262754768133163,0.09402689337730408,0.09367364645004272,0.09501166641712189,0.09665922075510025,0.09996901452541351,0.10000372678041458,0.10066492110490799,0.10273019969463348,0.10322460532188416,0.10475683212280273,0.10568790137767792,0.10598137229681015,0.10736565291881561,0.10777710378170013,0.1088842824101448
0.layer4.0.bn2.bias,0.00958091951906681,0.00958091951906681,0.01085364818572998,0.011619125492870808,0.012401684187352657,0.013402585871517658,0.014222264289855957,0.015103365294635296,0.015873050317168236,0.01650644652545452,0.017296450212597847,0.017763903364539146,0.02386818267405033,0.029069948941469193,0.033460833132267,0.03892175108194351,0.04449445381760597,0.050785474479198456,0.05756605416536331,0.06375019252300262,0.07015576213598251,0.07630018889904022,0.0830710232257843,0.09028684347867966,0.09726004302501678,0.1004873663187027,0.10608924925327301,0.11107484996318817,0.11246046423912048,0.11928277462720871,0.12022463977336884,0.12229380011558533,0.1297331154346466,0.1300346404314041,0.13656695187091827,0.13813790678977966,0.1424970030784607,0.14015820622444153,0.14287444949150085,0.14521002769470215,0.14949160814285278,0.15033473074436188,0.15259531140327454,0.15464875102043152,0.15627801418304443,0.16075527667999268,0.1590075045824051,0.16110552847385406,0.16421552002429962,0.1629367619752884,0.1662706434726715
0.layer4.0.downsample.0.weight,0.005813728552311659,0.005813728552311659,0.007922794669866562,0.008906790986657143,0.009875445626676083,0.01040167547762394,0.011242695152759552,0.011840292252600193,0.01219351775944233,0.012670785188674927,0.013377144932746887,0.014524450525641441,0.02000269666314125,0.024604368954896927,0.029560169205069542,0.03400667756795883,0.038864415138959885,0.04446673393249512,0.05073101073503494,0.05547448992729187,0.06145097315311432,0.06605865061283112,0.0725373923778534,0.07889605313539505,0.08388127386569977,0.08650064468383789,0.09101095795631409,0.09609028697013855,0.09606999158859253,0.10124512761831284,0.10314156860113144,0.10434045642614365,0.11051148176193237,0.11072477698326111,0.11671354621648788,0.1175173819065094,0.12012455612421036,0.11840653419494629,0.11990498751401901,0.12312446534633636,0.12511548399925232,0.12599894404411316,0.12673461437225342,0.1294776052236557,0.1303786039352417,0.1349492222070694,0.13315695524215698,0.13547423481941223,0.13682237267494202,0.1358516663312912,0.13902056217193604
0.layer4.0.downsample.1.weight,0.0073826308362185955,0.0073826308362185955,0.006152061745524406,0.006945156492292881,0.007854274474084377,0.008232785388827324,0.008748279884457588,0.009222905151546001,0.009423432871699333,0.009669679217040539,0.01032856572419405,0.0109530258923769,0.01528199203312397,0.01922718808054924,0.023600228130817413,0.026693889871239662,0.03054005280137062,0.035098448395729065,0.03975558280944824,0.0435054749250412,0.048589181154966354,0.05234968662261963,0.057193562388420105,0.06253080815076828,0.06598310172557831,0.06866498291492462,0.07264244556427002,0.0766453742980957,0.0765087753534317,0.08155222237110138,0.08278196305036545,0.08414511382579803,0.08834864944219589,0.08855250477790833,0.09333451092243195,0.0942026823759079,0.09602152556180954,0.09597386419773102,0.09589853882789612,0.09992380440235138,0.10130609571933746,0.10280873626470566,0.10164101421833038,0.10384076833724976,0.10525373369455338,0.11078431457281113,0.10898688435554504,0.11027887463569641,0.11101815104484558,0.11113263666629791,0.11324767768383026
0.layer4.0.downsample.1.bias,0.00958091951906681,0.00958091951906681,0.01085364818572998,0.011619125492870808,0.012401684187352657,0.013402585871517658,0.014222264289855957,0.015103365294635296,0.015873050317168236,0.01650644652545452,0.017296450212597847,0.017763903364539146,0.02386818267405033,0.029069948941469193,0.033460833132267,0.03892175108194351,0.04449445381760597,0.050785474479198456,0.05756605416536331,0.06375019252300262,0.07015576213598251,0.07630018889904022,0.0830710232257843,0.09028684347867966,0.09726004302501678,0.1004873663187027,0.10608924925327301,0.11107484996318817,0.11246046423912048,0.11928277462720871,0.12022463977336884,0.12229380011558533,0.1297331154346466,0.1300346404314041,0.13656695187091827,0.13813790678977966,0.1424970030784607,0.14015820622444153,0.14287444949150085,0.14521002769470215,0.14949160814285278,0.15033473074436188,0.15259531140327454,0.15464875102043152,0.15627801418304443,0.16075527667999268,0.1590075045824051,0.16110552847385406,0.16421552002429962,0.1629367619752884,0.1662706434726715
0.layer4.1.conv1.weight,0.0027410162147134542,0.0027410162147134542,0.0035907321143895388,0.0039357589557766914,0.004261724650859833,0.004521622788161039,0.00489150220528245,0.0051839896477758884,0.005375637207180262,0.00560220330953598,0.0058857533149421215,0.00634506531059742,0.008804152719676495,0.010851605795323849,0.012640014290809631,0.014691238291561604,0.016616515815258026,0.018467694520950317,0.020860223099589348,0.02235226519405842,0.024389995262026787,0.026160061359405518,0.027883298695087433,0.029939481988549232,0.031535569578409195,0.03191697597503662,0.03346933797001839,0.03521396592259407,0.035167403519153595,0.03649287298321724,0.03726844862103462,0.03792974725365639,0.03922928124666214,0.03914014250040054,0.041220128536224365,0.041428036987781525,0.042378947138786316,0.04184174910187721,0.04242074489593506,0.043190110474824905,0.04366456717252731,0.04426795244216919,0.0444071888923645,0.045085079967975616,0.045175835490226746,0.04658057168126106,0.04632457345724106,0.04696877673268318,0.04699494317173958,0.04719235748052597,0.04774634912610054
0.layer4.1.bn1.weight,0.006090519018471241,0.006090519018471241,0.0069512175396084785,0.007810603827238083,0.008533134125173092,0.009021105244755745,0.009884867817163467,0.010399560444056988,0.0108485734090209,0.011391702108085155,0.011754563078284264,0.012819298543035984,0.01787548139691353,0.022055182605981827,0.02597454935312271,0.029806192964315414,0.0337112694978714,0.03752058744430542,0.042564839124679565,0.045528724789619446,0.049389928579330444,0.05314861983060837,0.056747615337371826,0.0602768212556839,0.06367962062358856,0.06544464826583862,0.06855170428752899,0.07135093212127686,0.07168440520763397,0.07381215691566467,0.07621460407972336,0.07661168277263641,0.07988065481185913,0.079510897397995,0.08326021581888199,0.08485990762710571,0.0862412378191948,0.08532595634460449,0.08645360916852951,0.08799482882022858,0.08916640281677246,0.08984411507844925,0.09066420793533325,0.09218963980674744,0.09198075532913208,0.09418857097625732,0.0941941887140274,0.09551915526390076,0.09614910185337067,0.0960998386144638,0.09759490936994553
0.layer4.1.bn1.bias,0.007231096737086773,0.007231096737086773,0.009556692093610764,0.010123644024133682,0.010726533830165863,0.011704588308930397,0.01250639371573925,0.013310158625245094,0.014146494679152966,0.014827990904450417,0.01568051055073738,0.0159011147916317,0.021249527111649513,0.02600947767496109,0.029604140669107437,0.034556835889816284,0.038736529648303986,0.04305143654346466,0.04787471517920494,0.05223480612039566,0.05622449517250061,0.06049513816833496,0.06449241936206818,0.06867288053035736,0.07335022836923599,0.07431218773126602,0.07839742302894592,0.08137629181146622,0.08284935355186462,0.08614683151245117,0.08721105754375458,0.08853374421596527,0.09245645999908447,0.0920274406671524,0.0959530621767044,0.09733426570892334,0.09978431463241577,0.09823724627494812,0.10008685290813446,0.10092543065547943,0.1026839092373848,0.10338914394378662,0.10553453862667084,0.10626262426376343,0.10680899024009705,0.10956047475337982,0.1084522157907486,0.11116178333759308,0.11170920729637146,0.11076892912387848,0.11277373135089874
0.layer4.1.conv2.weight,0.004138824995607138,0.004138824995607138,0.005103472154587507,0.005387825425714254,0.005687245633453131,0.00575646199285984,0.006054273806512356,0.006235130131244659,0.006315816193819046,0.006486456375569105,0.006531853694468737,0.007009642664343119,0.008409193716943264,0.009355894289910793,0.010140730999410152,0.010779538191854954,0.011532548815011978,0.01206102967262268,0.012901077046990395,0.013120491988956928,0.01369436550885439,0.014258692972362041,0.014592130668461323,0.015047954395413399,0.01540909893810749,0.015500487759709358,0.015929242596030235,0.016259336844086647,0.016106601804494858,0.016345741227269173,0.016652323305606842,0.016750961542129517,0.016953671351075172,0.016896622255444527,0.01745377667248249,0.017428750172257423,0.017628351226449013,0.017440438270568848,0.01766875758767128,0.01772204041481018,0.017896071076393127,0.01802932284772396,0.018068920820951462,0.01830836571753025,0.018189633265137672,0.018482007086277008,0.01825224794447422,0.018396232277154922,0.018479976803064346,0.01847684383392334,0.018592718988656998
0.layer4.1.bn2.weight,0.007699371315538883,0.007699371315538883,0.006616886705160141,0.00721268355846405,0.007615374401211739,0.007630991283804178,0.008110105991363525,0.008272993378341198,0.00834162812680006,0.008586306124925613,0.008326666429638863,0.00938202254474163,0.011207889765501022,0.012387285009026527,0.013316119089722633,0.014211300760507584,0.015008466318249702,0.015631437301635742,0.01703907921910286,0.017177361994981766,0.018056809902191162,0.019143177196383476,0.018876411020755768,0.01975913904607296,0.019496377557516098,0.02062116377055645,0.020787520334124565,0.021162349730730057,0.02081233263015747,0.021012086421251297,0.021816881373524666,0.021413346752524376,0.022278111428022385,0.02179686352610588,0.022615766152739525,0.023090442642569542,0.022711794823408127,0.02302391827106476,0.023206043988466263,0.02328561618924141,0.02327943965792656,0.02345672994852066,0.023746676743030548,0.0240465234965086,0.023861665278673172,0.023662688210606575,0.024338264018297195,0.02379436045885086,0.024157892912626266,0.024819260463118553,0.024408865720033646
0.layer4.1.bn2.bias,0.014667459763586521,0.014667459763586521,0.015453258529305458,0.015865366905927658,0.016279863193631172,0.01679282821714878,0.017265673726797104,0.01762458123266697,0.01807696372270584,0.018450995907187462,0.018832257017493248,0.019045691937208176,0.021781012415885925,0.023664310574531555,0.025312235578894615,0.027097187936306,0.028604261577129364,0.030165527015924454,0.03168966621160507,0.032884396612644196,0.03417724370956421,0.03518176078796387,0.0363650768995285,0.0375567227602005,0.038781847804784775,0.03916890174150467,0.04000081866979599,0.04078307002782822,0.041064586490392685,0.041914306581020355,0.04221238195896149,0.04284941405057907,0.04335811734199524,0.04369797930121422,0.044360943138599396,0.04460926353931427,0.04507395997643471,0.04490268975496292,0.045522529631853104,0.04569125920534134,0.04605155065655708,0.04629870504140854,0.04674946144223213,0.047022994607686996,0.04693806543946266,0.04758294299244881,0.04739953204989433,0.04772995784878731,0.047911785542964935,0.048068251460790634,0.04834677278995514
1.weight,0.06929713487625122,0.06929713487625122,0.07384950667619705,0.07764306664466858,0.08020450174808502,0.07887866348028183,0.08061683177947998,0.08066989481449127,0.07935357838869095,0.07971589267253876,0.07786925882101059,0.0838799923658371,0.08754480630159378,0.0885944738984108,0.0900513157248497,0.08939607441425323,0.08994130045175552,0.08932515233755112,0.09128137677907944,0.08910367637872696,0.09018965810537338,0.09068452566862106,0.08962889015674591,0.09015075117349625,0.08883244544267654,0.0895436480641365,0.08916018903255463,0.09001147747039795,0.08832167834043503,0.08766009658575058,0.08961065858602524,0.08899316936731339,0.08876045793294907,0.08847885578870773,0.08949994295835495,0.08946933597326279,0.08883507549762726,0.08908560127019882,0.08932463079690933,0.08952116221189499,0.08888418227434158,0.08955571800470352,0.08896598219871521,0.08978672325611115,0.08897121995687485,0.08879140764474869,0.08954096585512161,0.08852671086788177,0.08860529959201813,0.08933821320533752,0.08884476125240326
1.bias,0.10000000149011612,0.10000000149011612,0.10000000149011612,0.10000000149011612,0.10000000149011612,0.10000000149011612,0.10000000149011612,0.10000000149011612,0.10000000149011612,0.10000000149011612,0.10000000149011612,0.10000000149011612,0.10000000149011612,0.10000000149011612,0.10000000149011612,0.10000000149011612,0.10000000149011612,0.10000000149011612,0.10000000149011612,0.10000000149011612,0.10000000149011612,0.10000000149011612,0.10000000149011612,0.10000000149011612,0.10000000149011612,0.10000000149011612,0.10000000149011612,0.10000000149011612,0.10000000149011612,0.10000000149011612,0.10000000149011612,0.10000000149011612,0.10000000149011612,0.10000000149011612,0.10000000149011612,0.10000000149011612,0.10000000149011612,0.10000000149011612,0.10000000149011612,0.10000000149011612,0.10000000149011612,0.10000000149011612,0.10000000149011612,0.10000000149011612,0.10000000149011612,0.10000000149011612,0.10000000149011612,0.10000000149011612,0.10000000149011612,0.10000000149011612,0.10000000149011612
