Layer name,0,0,0,1,2,3,4,5,6,7,8,9,19,29,39,49,59,69,79,89,99,109,119,129,139,149,159,169,179,189,199,209,219,229,239,249,259,269,279,289,299,309,319,329,339,349,359,369,379,389,399
0.conv1.weight,0.05835329773253761,0.05835329773253761,0.8930875579826534,1.021042623091489,1.1713376971893013,1.1520026461221278,1.2490021968260407,1.2092484338209033,1.2495867349207401,1.480130946263671,1.4035418322309852,1.2862822348251939,1.5519874691963196,1.6187476832419634,1.5770796313881874,1.6563436817377806,1.7515401812270284,1.7823027530685067,1.8172803986817598,1.8297080248594284,1.976896489970386,2.0177334919571877,2.0980205731466413,2.0928634256124496,2.127011210657656,2.131816318258643,2.3542132694274187,2.2514964137226343,2.2511639101430774,2.302859513089061,2.296586351469159,2.310415335930884,2.355074725113809,2.349531481973827,2.2369482899084687,2.336066212505102,2.349772932007909,2.3061291091144085,2.335113041102886,2.3669129135087132,2.2769310791045427,2.357035271823406,2.3922384828329086,2.458605082705617,2.4486722871661186,2.444343000650406,2.404321450740099,2.4630083329975605,2.416394928470254,2.4644313640892506,2.468703243881464
0.bn1.weight,0.019427278646617197,0.019427278646617197,0.2384094902081415,0.28782124153804034,0.33268460421822965,0.3367358741816133,0.3481466043740511,0.3673085297923535,0.3580858698114753,0.41254916531033814,0.39393963292241096,0.34637020132504404,0.42139333905652165,0.46467286720871925,0.4488883998710662,0.4565133024007082,0.48130890470929444,0.5367193520069122,0.5308695188723505,0.554869367275387,0.5874595772475004,0.6218214095570147,0.6421931409277022,0.6405475190840662,0.6865135235711932,0.6822167607024312,0.7080018692649901,0.7129699201323092,0.7250244533643126,0.7275311960838735,0.7641378436237574,0.7618228504434228,0.7516006040386856,0.7909637214615941,0.7350159180350602,0.7852120762690902,0.7922168150544167,0.785657505504787,0.7851893659681082,0.8113158629275858,0.7714796811342239,0.8006237177178264,0.8118319981731474,0.8274564542807639,0.8399232048541307,0.8354812311008573,0.8331865696236491,0.8344681835733354,0.8245102297514677,0.8534571253694594,0.849115657620132
0.bn1.bias,0.04923518662690185,0.04923518662690185,0.2561068997019902,0.33434043009765446,0.42207084014080465,0.4284375982824713,0.4592108950018883,0.4679574409965426,0.4873171206563711,0.5657991401385516,0.5461271973326802,0.4953108124900609,0.6702642147429287,0.7463638428598642,0.7583425766788423,0.7608286654576659,0.7957118223421276,0.8575306287966669,0.882036401424557,0.9129228051751852,1.0071150930598378,1.0435378309339285,1.1096404381096363,1.1111432174220681,1.1643608082085848,1.1602024706080556,1.2659360971301794,1.2304368168115616,1.2604432124644518,1.316603367216885,1.3417782746255398,1.338900119997561,1.3165094964206219,1.3425033511593938,1.254591372795403,1.373286459594965,1.374803826212883,1.378225464373827,1.3694731006398797,1.4306467436254025,1.3502286709845066,1.3738697655498981,1.4333188124001026,1.4715162115171552,1.493304523639381,1.4915921818464994,1.4519271990284324,1.4995392709970474,1.4390499200671911,1.5276852510869503,1.4664622535929084
0.layer1.0.conv1.weight,0.01045600336510688,0.01045600336510688,0.15759921027347445,0.18879818846471608,0.2107695690356195,0.21301308867987245,0.22477115911897272,0.23790789942722768,0.2302019289927557,0.26374179613776505,0.25127055996563286,0.22252410929650068,0.2643138177227229,0.2975527548696846,0.28084599249996245,0.2858513325918466,0.30841394793242216,0.3205774468369782,0.32443124474957585,0.3373254518955946,0.37019702373072505,0.38642003922723234,0.39352477132342756,0.39737040805630386,0.4177489697467536,0.4091377854347229,0.4395411144942045,0.4334313962608576,0.44506504759192467,0.45240330533124506,0.4546355535276234,0.4615649676416069,0.46122720348648727,0.4761448649223894,0.43988985917530954,0.46351290098391473,0.4654274354688823,0.4711738424375653,0.469199187355116,0.48364456882700324,0.4581321638543159,0.47512652701698244,0.4860532572492957,0.4956452217884362,0.4980218585114926,0.4974970421753824,0.49040922429412603,0.5022494688164443,0.48720554052852094,0.5063170827925205,0.5077441101893783
0.layer1.0.bn1.weight,0.013709541097341571,0.013709541097341571,0.15090761764440686,0.18887459917459637,0.23681845318060368,0.2344997472828254,0.25586695317178965,0.26690058584790677,0.2707446173299104,0.31505277985706925,0.2909726402722299,0.2688639471307397,0.3463155396748334,0.3997333587612957,0.3920707155484706,0.4083490027114749,0.4465345242060721,0.4718400905840099,0.4933175374753773,0.5049501876346767,0.5563778090290725,0.5842145956121385,0.6049876790493727,0.621714189182967,0.6527445577085018,0.6476946580223739,0.6858607847243547,0.6925616627559066,0.7166307773441076,0.7256744229234755,0.7456964207813144,0.7548977504484355,0.749616967048496,0.7743043168447912,0.7192830676212907,0.7685361057519913,0.7829067022539675,0.7948634317144752,0.7770319296978414,0.8087650183588266,0.7766312686726451,0.7945746043697,0.8231784095987678,0.8342822180129588,0.8442500978708267,0.8434704975225031,0.8315730700269341,0.8524018293246627,0.8367213699966669,0.865600339602679,0.8626126158051193
0.layer1.0.bn1.bias,0.03993692374206148,0.03993692374206148,0.17790803196839988,0.23081723204813898,0.293461196240969,0.30176755669526756,0.336477124132216,0.34414846636354923,0.36648472491651773,0.43052710546180606,0.4051005190704018,0.37303153006359935,0.5183571905363351,0.6097023393958807,0.6125815557315946,0.6251018950715661,0.6830771723762155,0.7197921178303659,0.7499078838154674,0.7874842183664441,0.8759103859774768,0.9105469174683094,0.9549221755005419,0.9839191711507738,1.026102586183697,1.0284693958237767,1.110184134915471,1.095710352063179,1.135089854709804,1.16671562474221,1.1953871343284845,1.2156888823956251,1.1871081115677953,1.2361812554299831,1.1546756969764829,1.2243284238502383,1.2624352956190705,1.2683352520689368,1.257669197395444,1.314822793006897,1.2455221442505717,1.2775393957272172,1.343726560473442,1.3555667316541076,1.3564286204054952,1.350101724267006,1.3342584166675806,1.3901627035811543,1.3467797162011266,1.3906535189598799,1.390924691222608
0.layer1.0.conv2.weight,0.00977721058006864,0.00977721058006864,0.10513959138188511,0.1298074260703288,0.1618255451321602,0.16332954145036638,0.174172978149727,0.1836415366269648,0.18466106755658984,0.21079651464242488,0.20120907004456967,0.1820650170557201,0.21830966125708073,0.24054819985758513,0.23876129009295255,0.2384666616562754,0.25524938525632024,0.27428785781376064,0.27446954720653594,0.28146554436534643,0.3058362503070384,0.315135498996824,0.3240048021543771,0.333453785860911,0.3493429711088538,0.3460287298075855,0.3629049682058394,0.3630473904777318,0.3721040312666446,0.3804617307614535,0.38987483875826,0.39089333661831915,0.38686574809253216,0.4044625407550484,0.3773773070424795,0.3973236645106226,0.4000837658531964,0.40360544761642814,0.3979857894591987,0.41363325412385166,0.3982405341230333,0.40749456104822457,0.41907232091762125,0.42434040759690106,0.42866873904131353,0.4285009659361094,0.4244321617297828,0.4312736038118601,0.4215852606575936,0.43559968983754516,0.43350732838734984
0.layer1.0.bn2.weight,0.012582578347064555,0.012582578347064555,0.1242413982981816,0.15860963275190443,0.1967825919855386,0.20149309386033565,0.22102435969281942,0.23742987110745162,0.2407421370735392,0.2746279963757843,0.26645719760563225,0.24448392516933382,0.31093481415882707,0.3501364516559988,0.3571998856496066,0.3561297340784222,0.39294428494758904,0.4312335178256035,0.43980827322229743,0.4474058039486408,0.49733860045671463,0.5084008735138923,0.5345189499203116,0.5568120595999062,0.5788682573474944,0.5822811159305274,0.6117980130948126,0.6117814127355814,0.6308928416110575,0.6551940380595624,0.6691265408881009,0.6785463318228722,0.6709939031861722,0.693984292447567,0.647580998018384,0.6938955960795283,0.6977677643299103,0.7116913390345871,0.6957804951816797,0.723145913798362,0.7024338566698134,0.7095670662820339,0.7410786156542599,0.7481296309269965,0.7612687549553812,0.7618664214387536,0.7473372281529009,0.7616824288852513,0.7453893451020122,0.776565105188638,0.7652817368507385
0.layer1.0.bn2.bias,0.03993952911696397,0.03993952911696397,0.1561204302124679,0.21356329112313688,0.2849428066983819,0.29641722689848393,0.32558441162109375,0.3388824302237481,0.3540246868506074,0.41364675434306264,0.4015006935223937,0.3670636941678822,0.48685532296076417,0.5570125360973179,0.5852373479865491,0.5821330789476633,0.6396614466793835,0.7020975928753614,0.7027955250814557,0.7302176957018673,0.8061879593878984,0.8299031988717616,0.8654483766295016,0.8877641311846673,0.9352867575362325,0.9338071006350219,1.0004326272755861,0.9930696240626276,1.012683427426964,1.047352190129459,1.082439638208598,1.0995238609611988,1.0721157370135188,1.1217974815517664,1.058204517699778,1.1043545063585043,1.1354124965146184,1.139739204198122,1.1277245357632637,1.1707521975040436,1.1289244424551725,1.1598036913201213,1.2041870905086398,1.223650949075818,1.2220872296020389,1.2222795924171805,1.2147322464734316,1.2424519350752234,1.2136002350598574,1.2584596993401647,1.2326102890074253
0.layer1.1.conv1.weight,0.01012295773398364,0.01012295773398364,0.10171205579536036,0.12276096205459908,0.1494961294811219,0.1559264466050081,0.1664230515016243,0.17722817487083375,0.17457847914192826,0.19698819785844535,0.19113773037679493,0.17342480760999024,0.21042414847761393,0.23490009491797537,0.2384013319388032,0.2375114788301289,0.25425215903669596,0.279847739264369,0.2837207845877856,0.29036629875190556,0.31587913585826755,0.3263296934310347,0.333644253667444,0.3458391046151519,0.36126342904753983,0.3577304622158408,0.3770901414100081,0.379353228257969,0.3898672624491155,0.3945602036546916,0.40883243968710303,0.4109956549946219,0.4069317237008363,0.42073801532387733,0.39768455317243934,0.41335570998489857,0.41886051115579903,0.4267158363945782,0.4201320386491716,0.4287270025815815,0.4207625314593315,0.4299960897769779,0.44415355613455176,0.4522997373715043,0.4576226675417274,0.45243113208562136,0.4460175149142742,0.4549471198115498,0.44823442841880023,0.4640145320445299,0.4582388671115041
0.layer1.1.bn1.weight,0.013486696087056771,0.013486696087056771,0.11089768935926259,0.14204484387300909,0.178625900298357,0.19202516798395663,0.20756061375141144,0.2194872273830697,0.21935218141879886,0.249247360159643,0.24515137576963753,0.22453558340203017,0.28610539832152426,0.33502315916121006,0.35096387402154505,0.3624400121625513,0.3845915892161429,0.4265175147447735,0.4369177359621972,0.4461155836470425,0.4876570776104927,0.5049813787918538,0.5227337065152824,0.5439255172386765,0.5695869699120522,0.5640151500701904,0.6022872617468238,0.6064686947502196,0.624371849000454,0.6362585425376892,0.6680139247328043,0.6637690444476902,0.6584295947104692,0.683248192537576,0.6501132529228926,0.6782428007572889,0.6949064559303224,0.7049852949567139,0.6874771951697767,0.712230580393225,0.6980479792691767,0.7128704097121954,0.729312592651695,0.7422086149454117,0.7598911179229617,0.7489672200754285,0.7425724007189274,0.753169001545757,0.7454372807405889,0.7743164193816483,0.760027211625129
0.layer1.1.bn1.bias,0.02742431839578785,0.02742431839578785,0.12721023429185152,0.16869558347389102,0.22319004079326987,0.23953489575069398,0.26203159149736166,0.2739841628354043,0.27988042414654046,0.3232810131739825,0.318420936120674,0.28977961791679263,0.3825186516623944,0.43792447121813893,0.4649032950401306,0.46748037706129253,0.5076055868994445,0.5578202921897173,0.5652391761541367,0.5828006821684539,0.637900672852993,0.6583941224962473,0.6836410174146295,0.7101902882568538,0.7438239180482924,0.7382882735691965,0.7879797192290425,0.7867894773371518,0.8072277856990695,0.8270499645732343,0.8644516472704709,0.8617344978265464,0.8512983224354684,0.8831852218136191,0.8462431048974395,0.8757008742541075,0.8988015898503363,0.909409468062222,0.8942073401995003,0.9205985153093934,0.9044028408825397,0.9201735584065318,0.948514134157449,0.96889020036906,0.9832455827854574,0.9676803182810545,0.9613352175801992,0.9780430444516242,0.9727114252746105,1.0002450095489621,0.9793585943989456
0.layer1.1.conv2.weight,0.011053847563744057,0.011053847563744057,0.07074853396625258,0.08699295553378761,0.10795778373721987,0.11301070993067697,0.12128860002849251,0.1273005514522083,0.1277924042660743,0.1454745272640139,0.14481969753978774,0.13043520780047402,0.15977316594216973,0.1786863951710984,0.1859432616038248,0.19005913857836276,0.1999692008830607,0.21822666586376727,0.219257474062033,0.22547065000981092,0.2411175767192617,0.24590750050265342,0.2553758282447234,0.2644173172302544,0.27192004560492933,0.2724463881459087,0.28323102788999677,0.28837452828884125,0.2900216761045158,0.2946643338073045,0.3072325480170548,0.3084067089948803,0.3048141119070351,0.31554718827828765,0.3001358632463962,0.31223437865264714,0.3208630308508873,0.323017381131649,0.3134916420094669,0.3232870602514595,0.31613702210597694,0.32132861274294555,0.3305872136261314,0.33419577358290553,0.3414652058854699,0.33664415776729584,0.337143839802593,0.3357620360329747,0.3365892576985061,0.34495846065692604,0.34216349362395704
0.layer1.1.bn2.weight,0.013539773572119884,0.013539773572119884,0.07899778068531305,0.09649619139963761,0.11691586743108928,0.12404258409515023,0.13334186788415536,0.14091890153940767,0.14250821084715426,0.16154199722222984,0.16237740695942193,0.1450569707667455,0.19315046991687268,0.22044262604322284,0.2320616942597553,0.24001654284074903,0.2541832289425656,0.2865850150119513,0.29515743581578135,0.30485420883633196,0.33261733455583453,0.33930736500769854,0.35654378100298345,0.36982004856690764,0.38487612805329263,0.39432063791900873,0.40761413029395044,0.41815212508663535,0.42388430098071694,0.4294426639098674,0.4494801473338157,0.45188812306150794,0.44646946899592876,0.4653198041487485,0.44200015533715487,0.4653456734959036,0.47550313733518124,0.4824646234046668,0.4708984550088644,0.48624056740663946,0.4759209989570081,0.48372434894554317,0.49498777906410396,0.5015061155427247,0.5133015860337764,0.5091184137854725,0.5049494702834636,0.5084005226381123,0.5062154927290976,0.5228347757365555,0.5212014503777027
0.layer1.1.bn2.bias,0.032253858662443236,0.032253858662443236,0.10534006188390777,0.1412300955853425,0.1859670509584248,0.19779225380625576,0.21655765373725444,0.2228386077331379,0.23278192768339068,0.27034158480819315,0.2651731639634818,0.24119109869934618,0.3146234124433249,0.36493993806652725,0.38614418101496994,0.38792504207231104,0.4198682678397745,0.46194352000020444,0.4675334491766989,0.4805999044328928,0.5192008463200182,0.5228696998674423,0.5522332335822284,0.5771380155347288,0.595856090541929,0.5947930086404085,0.6219053007662296,0.6346603026613593,0.6349364891648293,0.6534908195026219,0.6773865045979619,0.6893162117339671,0.6821616888046265,0.7098455154336989,0.6770864105783403,0.7033264390192926,0.727111576590687,0.729243038687855,0.7137715262360871,0.7360947746783495,0.7174871265888214,0.7232928923331201,0.7536450331099331,0.7659409465268254,0.7795100994408131,0.7728795516304672,0.7738672071136534,0.7685729437507689,0.7723338189534843,0.7910458650439978,0.7820897409692407
0.layer2.0.conv1.weight,0.010553682266618125,0.010553682266618125,0.07400885739480145,0.08901060337666422,0.10854495316743851,0.11292443017009646,0.11826401227153838,0.12537020142190158,0.12338946887757629,0.13866941153537482,0.13907440338516608,0.12416723411297426,0.1508254569489509,0.17082200350705534,0.18334317626431584,0.19067113695200533,0.2009827393339947,0.21756774245295674,0.21881105157081038,0.2275304957292974,0.23896678281016648,0.2462442338000983,0.2578851511934772,0.2620947507675737,0.270778605947271,0.2754983496852219,0.2796734948642552,0.2872930832672864,0.28988548181951046,0.29315613652579486,0.3072612208779901,0.30961958854459226,0.30952022364363074,0.3193206530995667,0.30405351356603205,0.315548354992643,0.32466348237358034,0.32556034764274955,0.3168187513947487,0.325376879889518,0.31942472886294127,0.3242406197823584,0.3327942539472133,0.33643467095680535,0.34590300149284303,0.3423965126276016,0.3399015390314162,0.337277474347502,0.3421034123748541,0.34708108054473996,0.3453584199305624
0.layer2.0.bn1.weight,0.009902952559059486,0.009902952559059486,0.0630294018483255,0.07813186722341925,0.096685518452432,0.09945927688386291,0.10752502165269107,0.11678216938162223,0.11671156232478097,0.13400352746248245,0.13457614136859775,0.12085108965402469,0.1573003944940865,0.18125835643149912,0.20021577319130301,0.21037130511831492,0.22633295063860714,0.25096540385857224,0.2557954416843131,0.27125323051586747,0.28625847795046866,0.2997818619478494,0.31673408346250653,0.3265539505518973,0.339773528277874,0.3478406516369432,0.35524227120913565,0.36524632782675326,0.37247158866375685,0.37923521315678954,0.4000860834494233,0.4051842007320374,0.4032605404499918,0.41981530701741576,0.402696636505425,0.4169742895755917,0.42808387405239046,0.43677377002313733,0.4223991755861789,0.4355193888768554,0.4296566841658205,0.43436624854803085,0.44759139069356024,0.4525575020816177,0.46661548991687596,0.4634093113709241,0.4608833841048181,0.4564527829643339,0.4663673173636198,0.47066621924750507,0.46763263503089547
0.layer2.0.bn1.bias,0.01985043875174597,0.01985043875174597,0.06747022314812057,0.08545421127928421,0.10960376792354509,0.11383329099044204,0.12317168799927458,0.12918088264996186,0.13324606808600947,0.1525778298964724,0.15267852484248579,0.13983175496105105,0.17907270533032715,0.2126454112585634,0.23337981675285846,0.243694101809524,0.2679551742039621,0.29321828251704574,0.29475920810364187,0.3118828523438424,0.3300860542804003,0.3399151819758117,0.3642709425184876,0.3742258322890848,0.388682231772691,0.39748542150482535,0.4046525591984391,0.4165675307158381,0.4206547271460295,0.4272742955945432,0.45026885555125773,0.45852129464037716,0.4560701041482389,0.47531278315000236,0.45698605640791357,0.4670756256673485,0.4887341770809144,0.4905496509745717,0.4762924271635711,0.4909572056494653,0.4833355883602053,0.4898829513695091,0.5037010845262557,0.5127024485263973,0.5234658431727439,0.5198561528231949,0.5169889600947499,0.5113636124879122,0.5266974968835711,0.5274026561528444,0.5277764732018113
0.layer2.0.conv2.weight,0.007436621126544196,0.007436621126544196,0.03761197571293451,0.044094440236222,0.05366141221020371,0.05627896069199778,0.06073149055009708,0.06647147875628434,0.06610077415825799,0.07446024619275704,0.07544447475811467,0.06869748572353274,0.08885405125329271,0.10553257039282471,0.1173120808089152,0.1259170305565931,0.13589849625714123,0.15104426932521164,0.15214695234317333,0.15979761455673724,0.16777883644681424,0.1744085376849398,0.18395069742109627,0.18669220758602023,0.19626666337717324,0.19933934311848134,0.2023672569775954,0.2059205612167716,0.2087436355650425,0.21118013327941298,0.22353578091133386,0.22231193620245904,0.22221579717006534,0.2291969187790528,0.2209551688283682,0.22617072728462517,0.23389319435227662,0.23464512010104954,0.22917993017472327,0.23455376958008856,0.23123352555558085,0.23485063656698912,0.240870276466012,0.24314478144515306,0.24871855415403843,0.24712625006213784,0.2440784357022494,0.24498604948166758,0.2499902822310105,0.2514157077530399,0.24916516744997352
0.layer2.0.bn2.weight,0.011282839383056853,0.011282839383056853,0.049200865149032325,0.06075576986768283,0.07417985203210264,0.07798905769595876,0.08541959145804867,0.09492721717106178,0.09397004428319633,0.10928740160306916,0.1122091410215944,0.10069798293989152,0.13609863008605316,0.16448390914592892,0.185200450476259,0.2025353442877531,0.2229601222788915,0.2518854648806155,0.2573314276523888,0.2732640381436795,0.2943355382885784,0.30732227582484484,0.32454177318140864,0.33305487176403403,0.35486750351265073,0.36175369448028505,0.37309753452427685,0.3803881178610027,0.38886862713843584,0.3954446823336184,0.4188237984199077,0.4210849590599537,0.4207056693267077,0.43288617371581495,0.42090883990749717,0.4317731084302068,0.4457996597047895,0.45174312335439026,0.4438431616872549,0.4532210021279752,0.44679699768312275,0.4552408503368497,0.4675941925961524,0.4728802323807031,0.48087845533154905,0.4780890280380845,0.4788242159411311,0.47842069575563073,0.4909540079534054,0.4949631243944168,0.48986855894327164
0.layer2.0.bn2.bias,0.023432775764376856,0.023432775764376856,0.05589758779387921,0.0692231830325909,0.08720128168351948,0.09286295447964221,0.10131197364535183,0.10886941902572289,0.11154362594243139,0.1265928182983771,0.1287956417654641,0.12036236055428162,0.15949267579708248,0.19899409904610366,0.21894220216199756,0.2362501686438918,0.2627242337912321,0.2903203668538481,0.2908049263060093,0.3054765083361417,0.3244760516099632,0.33536229538731277,0.3579931224230677,0.36352180200628936,0.3842747190501541,0.39206791087053716,0.4003016718197614,0.40812333091162145,0.4129903898574412,0.41931971977464855,0.443957042414695,0.4462506368290633,0.44386622915044427,0.46031075646169484,0.44539618981070817,0.4520794185809791,0.4729588138870895,0.4714363624807447,0.464789888355881,0.47785998322069645,0.47023302130401134,0.4786003844346851,0.49237488117069006,0.49936578748747706,0.506850523641333,0.5034086450468749,0.4981757465284318,0.5029241968877614,0.5146233506966382,0.515829052310437,0.5129661664832383
0.layer2.0.downsample.0.weight,0.012175925265182741,0.012175925265182741,0.06175151438219473,0.0740323509380687,0.08968961186474189,0.09552607318619266,0.10236564418300986,0.11158145079389215,0.11017948674270883,0.12337086739717051,0.1264877279754728,0.11543887219158933,0.14869938837364316,0.1806075880303979,0.19506187562365085,0.2073432378238067,0.222592466394417,0.24401069816667587,0.2435259766643867,0.25285900686867535,0.26554076792672276,0.276105873985216,0.28579469909891486,0.2896020533517003,0.3033189547713846,0.30876597482711077,0.3139986575115472,0.31880181189626455,0.3230806679930538,0.3260046034120023,0.3435685965232551,0.3415923749562353,0.34071762301027775,0.3515514428727329,0.33415426523424685,0.34269588463939726,0.3548097221646458,0.35450978414155543,0.3492879627738148,0.356987364590168,0.35018366063013673,0.35640293546020985,0.36611023359000683,0.36902276636101305,0.37646980048157275,0.3731605433858931,0.36865005549043417,0.3734789586160332,0.37458829232491553,0.37846173672005534,0.3770017100032419
0.layer2.0.downsample.1.weight,0.01229363890888635,0.01229363890888635,0.04719043325167149,0.05545058968709782,0.06665114071802236,0.07047069296822883,0.07461079861968756,0.08234806050313637,0.08193596918135881,0.09021903027314693,0.09270802035462111,0.08647425041999668,0.11143029248341918,0.13516270753461868,0.14825463213492185,0.1616042321547866,0.17280320543795824,0.19422743341419846,0.19522914953995496,0.20581276342272758,0.21531357034109533,0.22494878864381462,0.2363016534363851,0.24028567131608725,0.2530060508288443,0.26174636220093817,0.2663722005672753,0.27246982464566827,0.27743952814489603,0.2804463666398078,0.297267526620999,0.2955232250969857,0.2954877589363605,0.30759388487786055,0.2947722428943962,0.3016373000573367,0.31280545657500625,0.31213614740408957,0.3104592845775187,0.31860513240098953,0.3140985604841262,0.31904613226652145,0.3269407390616834,0.32917103124782443,0.3361991122364998,0.3345077217090875,0.33203736413270235,0.33485214598476887,0.34070794470608234,0.3413541014306247,0.33978002704679966
0.layer2.0.downsample.1.bias,0.023432775764376856,0.023432775764376856,0.05589758779387921,0.0692231830325909,0.08720128168351948,0.09286295447964221,0.10131197364535183,0.10886941902572289,0.11154362594243139,0.1265928182983771,0.1287956417654641,0.12036236055428162,0.15949267579708248,0.19899409904610366,0.21894220216199756,0.2362501686438918,0.2627242337912321,0.2903203668538481,0.2908049263060093,0.3054765083361417,0.3244760516099632,0.33536229538731277,0.3579931224230677,0.36352180200628936,0.3842747190501541,0.39206791087053716,0.4003016718197614,0.40812333091162145,0.4129903898574412,0.41931971977464855,0.443957042414695,0.4462506368290633,0.44386622915044427,0.46031075646169484,0.44539618981070817,0.4520794185809791,0.4729588138870895,0.4714363624807447,0.464789888355881,0.47785998322069645,0.47023302130401134,0.4786003844346851,0.49237488117069006,0.49936578748747706,0.506850523641333,0.5034086450468749,0.4981757465284318,0.5029241968877614,0.5146233506966382,0.515829052310437,0.5129661664832383
0.layer2.1.conv1.weight,0.00942835066234693,0.00942835066234693,0.03566975414287299,0.041853528848150745,0.05000435933470726,0.05316717378445901,0.05794850399252027,0.06382828383357264,0.06350379902869463,0.07125761162023991,0.0722931703494396,0.06589964305749163,0.08445006713736802,0.10136770637473091,0.11405648762593046,0.12217299779877067,0.13346533372532576,0.1482920105336234,0.14777046255767345,0.15623752237297595,0.1640252263750881,0.1717006234684959,0.18133410962764174,0.1835010014474392,0.19438686326611787,0.19784797762986273,0.20268876303452998,0.20541897078510374,0.20725087204482406,0.21379217680078,0.22499306197278202,0.22130165772978216,0.2216963026439771,0.22783087810967118,0.2218946978682652,0.2259568179724738,0.23470835178159177,0.23305537411943078,0.23189188621472567,0.2360875700833276,0.23291676526423544,0.23522305174265057,0.24025338364299387,0.24470044020563364,0.2507939182687551,0.24892927438486367,0.24547053477726877,0.24578824057243764,0.2511464742710814,0.2555179812479764,0.2511527822352946
0.layer2.1.bn1.weight,0.01278051517874701,0.01278051517874701,0.048142362415092066,0.05943685595411807,0.0718456914764829,0.07667267697979696,0.08397581853205338,0.09399654832668602,0.09375849232310429,0.10601447324734181,0.10852452495601028,0.099447118176613,0.13391331234015524,0.16788692260161042,0.1938399743521586,0.20929023309145123,0.23024171928409487,0.26302763167768717,0.25988980988040566,0.27636568108573556,0.29127379157580435,0.3073364198207855,0.3278955318965018,0.3318677756469697,0.3524566979613155,0.36167589598335326,0.3732532737776637,0.37687274091877043,0.38110623718239367,0.39298890344798565,0.41928590810857713,0.41240083798766136,0.41297240229323506,0.42414634255692363,0.41558735142461956,0.4227494839578867,0.44052761141210794,0.43804269726388156,0.4361183228902519,0.4462116190697998,0.4384832202922553,0.4453159973490983,0.45393749279901385,0.4635739717632532,0.47752017294988036,0.47321098716929555,0.4665793818421662,0.46703109005466104,0.47986780060455203,0.49035036750137806,0.4815258467569947
0.layer2.1.bn1.bias,0.019970245557487942,0.019970245557487942,0.051437837770208716,0.06422411187668331,0.08025815582368523,0.08579133433522657,0.09483525913674384,0.10236812103539705,0.10490716696949676,0.11776457238011062,0.12007397779962048,0.11313058319501579,0.14955923741217703,0.19001876784022897,0.2137526699807495,0.22987899440340698,0.25413215800654143,0.2845189559739083,0.2806520783342421,0.29806964937597513,0.3133601213339716,0.3267778030131012,0.35034507024101913,0.3519002425018698,0.3750142506323755,0.383284411393106,0.38943016272969544,0.39587487117387354,0.3992730062454939,0.4107492584735155,0.4356629860121757,0.4332269807346165,0.43066366272978485,0.4435116038657725,0.4318724903278053,0.4364383688662201,0.45815193257294595,0.45260614319704473,0.45375108532607555,0.4626810678746551,0.4551843323279172,0.459965585032478,0.47119803028181195,0.48146315664052963,0.4933298022951931,0.49045539367944,0.4791149804368615,0.4840131397359073,0.49579117773100734,0.5031649991869926,0.4976086155511439
0.layer2.1.conv2.weight,0.009715356231026817,0.009715356231026817,0.029875452717533335,0.03453226192505099,0.04121194331673905,0.04347169183893129,0.04703391858492978,0.051846543879946694,0.05200161537504755,0.05777171233785339,0.059863709029741585,0.055374867224600166,0.07440219103591517,0.09205892286263406,0.10367307672277093,0.11305054015247151,0.1217388003715314,0.13803434779401869,0.1389709752984345,0.14657905790954828,0.1557264814618975,0.16057131567504257,0.1689683742588386,0.1746673414018005,0.18330667715054005,0.18712071026675403,0.1904333473648876,0.19272912933956832,0.1953065701527521,0.1988992515252903,0.20953773090150207,0.2070829748408869,0.20749037014320493,0.21330027061048895,0.20546962902881205,0.20995873981155455,0.21586532902438194,0.2182536293985322,0.21421151573304087,0.21787707007024437,0.21719583577942103,0.21837524266447872,0.224841856979765,0.22794130828697234,0.23181682149879634,0.2310659020440653,0.22788683779072016,0.22920012869872153,0.23282922932412475,0.23462765431031585,0.23346275405492634
0.layer2.1.bn2.weight,0.010544338176259771,0.010544338176259771,0.03461990425421391,0.041657421534182504,0.050151699455454946,0.05322743585566059,0.05767855135491118,0.0636771147546824,0.06543621837045066,0.07267858006525785,0.07674464219599031,0.07025354981306009,0.09856894158292562,0.12164393800776452,0.14047448453493416,0.15285677718929946,0.1663853412028402,0.19307203800417483,0.1965590676991269,0.20829392108134925,0.22588018525857478,0.23216580436564982,0.24460360268130898,0.25650904956273735,0.2715088929980993,0.2773035529535264,0.28354461886920035,0.28539894730784,0.29268053476698697,0.2994078902993351,0.31603405391797423,0.3143250201828778,0.3130468940362334,0.32255275966599584,0.31396391801536083,0.32194056920707226,0.3291266467422247,0.3339796485379338,0.32689398038201034,0.3349476286675781,0.33318837569095194,0.3355803529266268,0.345905416412279,0.3504874331410974,0.3566116674337536,0.35502222599461675,0.35043663694523275,0.3533317071851343,0.3576938097830862,0.3599009911995381,0.36098908144049346
0.layer2.1.bn2.bias,0.02292959621991031,0.02292959621991031,0.045184521266492084,0.05508939491119236,0.06762068870011717,0.07164128319709562,0.07849646417889744,0.08407314121723175,0.08718094864161685,0.09622797166230157,0.10021563834743574,0.095362258318346,0.12979744060430676,0.167496396927163,0.18679328344296664,0.2044741353020072,0.22468089265748858,0.2514518346870318,0.2544796741567552,0.26755456253886223,0.2862042305059731,0.2903662461321801,0.31004480458796024,0.31861200043931603,0.3361889112275094,0.3425660349894315,0.3437818461097777,0.34837251366116107,0.3533598408102989,0.3583567321766168,0.37867176975123584,0.37786470889113843,0.3758425146806985,0.3878085408359766,0.3725016068201512,0.3784425400663167,0.3922857448924333,0.3945013501215726,0.38974122679792345,0.3977725424338132,0.39336459105834365,0.3951906282454729,0.40823093382641673,0.4155704143922776,0.42033912520855665,0.4196501050610095,0.4110890051815659,0.4175786606501788,0.42267260048538446,0.42331428779289126,0.4252675259485841
0.layer3.0.conv1.weight,0.008744227576244157,0.008744227576244157,0.02877973750582896,0.03217117594613228,0.03763919437187724,0.040165276324842125,0.0437154971587006,0.047994591208407655,0.04860031811404042,0.05362715074443258,0.05602556490339339,0.052264670230215415,0.07110095222014934,0.09190634696278721,0.10583606519503519,0.1182281068759039,0.13019460794748738,0.1484743912005797,0.15367607725784183,0.1635974431410432,0.17542932846117765,0.1781851581763476,0.18997462885454297,0.19966311706230044,0.20893782621715218,0.2139358805725351,0.21811538189649582,0.22137705248314887,0.2259103482356295,0.2295144194504246,0.23898098489735276,0.23874846496619284,0.2394018662162125,0.24560557259246707,0.23708671936765313,0.24406579532660544,0.24950293358415365,0.2533453416544944,0.24697601539082825,0.25035278603900224,0.25081525940913707,0.2512645497918129,0.25986734440084547,0.2615281823091209,0.26518897037021816,0.2653502537868917,0.26394537347368896,0.2642225571908057,0.2684490601532161,0.26694815419614315,0.2684977550525218
0.layer3.0.bn1.weight,0.008984313768451102,0.008984313768451102,0.026705569805926643,0.030596149314078502,0.03663681980106048,0.038882767694303766,0.04217363317729905,0.04667739212163724,0.047306309948908165,0.052924639341654256,0.055846325849415734,0.05161450381274335,0.07480591023340821,0.10056517942575738,0.11832411837531254,0.13528947619488463,0.1512945123249665,0.1762889492092654,0.1849021358648315,0.19877809577155858,0.21528300340287387,0.21961540658958256,0.23566412180662155,0.2492055124603212,0.263624707236886,0.27082923357374966,0.2784103618469089,0.2823620669078082,0.29006504407152534,0.29531271918676794,0.30886897817254066,0.31054960936307907,0.3124221733305603,0.32189563009887934,0.31144448975101113,0.32138557848520577,0.3285184137057513,0.3343199994415045,0.3263604212552309,0.33208337402902544,0.3337285714223981,0.33436423051171005,0.34724899497814476,0.34923944692127407,0.3545982534997165,0.3558885126840323,0.3538909601047635,0.3548502856865525,0.36129222298040986,0.3592597832903266,0.36347333109006286
0.layer3.0.bn1.bias,0.013592409341072198,0.013592409341072198,0.027205267717363313,0.031370829965453595,0.03760488156694919,0.04027245152974501,0.04389719033497386,0.04724747521686368,0.04902704284177162,0.05362065226654522,0.05616034890408628,0.05415061677922495,0.07492503890534863,0.10354495677165687,0.12024755572201684,0.137495927978307,0.1562179554020986,0.17790782160591334,0.1861856929026544,0.19935449515469372,0.2165289861150086,0.21841877361293882,0.23660705308429897,0.24755770282354206,0.261868542060256,0.2697480742353946,0.2720382511615753,0.2780167027376592,0.28492288663983345,0.28869464294984937,0.3006916590966284,0.30427812854759395,0.3039663240779191,0.3150199691299349,0.30296803289093077,0.310315155191347,0.3191496143117547,0.32261372404173017,0.31742813833989203,0.32329955394379795,0.3233177592046559,0.32323905429802835,0.335785040166229,0.33978402824141085,0.3421750790439546,0.3430146365426481,0.33979603578336537,0.3437827336601913,0.34909533616155386,0.3441661132965237,0.35031264112330973
0.layer3.0.conv2.weight,0.007126507189241238,0.007126507189241238,0.01643261278513819,0.018228407614515163,0.02115274206153117,0.022715087776305154,0.02491232672764454,0.027691524621332064,0.02810585622501094,0.030947477294830605,0.03267675761890132,0.030741090289666317,0.04370471471338533,0.05748900645994581,0.07025868789060041,0.08111464726971462,0.09153873875038698,0.10589397582225502,0.11279712984105572,0.12076629779767245,0.13128408254124224,0.13674092979636043,0.14608541526831686,0.15425416082143784,0.16211451264098287,0.1653902264079079,0.17162816447671503,0.17458273249212652,0.17886605579406023,0.18359620263800025,0.19020017923321575,0.1893174039432779,0.19003232417162508,0.19531795289367437,0.18931675096973777,0.19575194269418716,0.19920144393108785,0.20268617325928062,0.19767376640811563,0.20061093545518816,0.20184615068137646,0.2034867611946538,0.20885507727507502,0.21091625944245607,0.21394565713126212,0.21481640706770122,0.21377677703276277,0.21293193730525672,0.2184882190776989,0.21589209197554737,0.21818146109580994
0.layer3.0.bn2.weight,0.01030384782643523,0.01030384782643523,0.022970785852521658,0.02608882571803406,0.030797003506449983,0.03291970353166107,0.03586780946352519,0.039454134297557175,0.0403939520183485,0.04440923559013754,0.04699376045027748,0.04408484938903712,0.06405137813999318,0.08445333677809685,0.1057315823272802,0.12455211521591991,0.14293102559167892,0.16576639038976282,0.17929372237995267,0.19216720620170236,0.21042239724192768,0.21981347375549376,0.2363798035075888,0.25060865085106343,0.26524586230516434,0.2720348855946213,0.28417076054029167,0.2875523103866726,0.2945267690811306,0.3055137514602393,0.315514103975147,0.31591443670913577,0.31660803337581456,0.32623063307255507,0.31857533450238407,0.3311639076564461,0.3382346599828452,0.3434178631287068,0.33625384396873415,0.34097995585761964,0.3436852293089032,0.3471583577338606,0.3549495560582727,0.36220154957845807,0.3654587250202894,0.36793545610271394,0.3680432327091694,0.36764273000881076,0.3762046145275235,0.37245946866460145,0.37747751642018557
0.layer3.0.bn2.bias,0.017250451957806945,0.017250451957806945,0.025496978225419298,0.02918055673944764,0.03431457036640495,0.03700714893057011,0.04045061091892421,0.04392439470393583,0.04572330808150582,0.0496506672934629,0.052391903183888644,0.051114491012413055,0.07118185417493805,0.09765468287514523,0.11798938666470349,0.13810722017660737,0.15947856078855693,0.18051018053665757,0.19347999745514244,0.2081398762529716,0.22671478765551,0.2342922822572291,0.25076379743404686,0.26316378358751535,0.27729223971255124,0.2842413792386651,0.29013512772507966,0.29582697339355946,0.30292906891554594,0.31091250223107636,0.3209811632987112,0.3227788023650646,0.320845159702003,0.3334766610059887,0.3213005024008453,0.3310493025928736,0.3397454032674432,0.3429727009497583,0.3372607552446425,0.34238408226519823,0.34259006776846945,0.34685008553788066,0.3549365734215826,0.36036487203091383,0.3637230128515512,0.3652102844789624,0.36323991953395307,0.36516153579577804,0.37401580810546875,0.3677395361009985,0.3736598948016763
0.layer3.0.downsample.0.weight,0.01086619117995724,0.01086619117995724,0.026730725541710854,0.0300287552527152,0.034927235246868804,0.03751263182493858,0.041086026933044195,0.04549734457395971,0.04626475789700635,0.05097560098511167,0.05384658119874075,0.05070433719083667,0.07093808171339333,0.09219215472694486,0.11062894953647628,0.12595284613780677,0.14075459307059646,0.16007606743369251,0.16943089419510216,0.18051424773875624,0.19443378993310034,0.20211920514702797,0.21131319762207568,0.2211521768476814,0.23130262433551252,0.2363569913432002,0.24304607545491308,0.24492779385764152,0.25031855644192547,0.2564741298556328,0.26426183013245463,0.26260171411558986,0.26294673630036414,0.27067767875269055,0.26162932673469186,0.26882691704668105,0.2735641922336072,0.27880091732367873,0.27132689603604376,0.27503756852820516,0.2749686969909817,0.2777867040131241,0.28388043073937297,0.2863146585877985,0.2914918325841427,0.2916493508964777,0.2893972569145262,0.2898432465735823,0.29539779969491065,0.2929476355202496,0.2945271055214107
0.layer3.0.downsample.1.weight,0.010996215118211694,0.010996215118211694,0.022563604317838326,0.02521452310611494,0.029412557720206678,0.031747789835208096,0.03439727613294963,0.03819655836559832,0.03830487254890613,0.041981893504271284,0.04451943872845732,0.041407058481127024,0.058867341111181304,0.07804955361643806,0.09511132771149278,0.11051731981569901,0.12363849009852856,0.14298769878223538,0.15222778415773064,0.16478451469447464,0.17870013904757798,0.18776349362451583,0.19582468504086137,0.2064485001610592,0.2181556395953521,0.2231616311473772,0.22930262004956603,0.23388143291231245,0.24034292448777705,0.24622989946510643,0.25527041556779295,0.2559535689651966,0.25571956601925194,0.2651959059294313,0.25609048979822546,0.26356860785745084,0.26771730463951826,0.27471696957945824,0.26707652024924755,0.27242636610753834,0.273106538457796,0.27630187291651964,0.2820059615187347,0.2843987348023802,0.2902960851788521,0.2910706978291273,0.2893428225070238,0.2905506968963891,0.29394512344151735,0.29307275963947177,0.29641677206382155
0.layer3.0.downsample.1.bias,0.017250451957806945,0.017250451957806945,0.025496978225419298,0.02918055673944764,0.03431457036640495,0.03700714893057011,0.04045061091892421,0.04392439470393583,0.04572330808150582,0.0496506672934629,0.052391903183888644,0.051114491012413055,0.07118185417493805,0.09765468287514523,0.11798938666470349,0.13810722017660737,0.15947856078855693,0.18051018053665757,0.19347999745514244,0.2081398762529716,0.22671478765551,0.2342922822572291,0.25076379743404686,0.26316378358751535,0.27729223971255124,0.2842413792386651,0.29013512772507966,0.29582697339355946,0.30292906891554594,0.31091250223107636,0.3209811632987112,0.3227788023650646,0.320845159702003,0.3334766610059887,0.3213005024008453,0.3310493025928736,0.3397454032674432,0.3429727009497583,0.3372607552446425,0.34238408226519823,0.34259006776846945,0.34685008553788066,0.3549365734215826,0.36036487203091383,0.3637230128515512,0.3652102844789624,0.36323991953395307,0.36516153579577804,0.37401580810546875,0.3677395361009985,0.3736598948016763
0.layer3.1.conv1.weight,0.008294123610539827,0.008294123610539827,0.01513603358034743,0.016563726800086442,0.018956482032081112,0.020384494404424913,0.02242159489833284,0.02483490583836101,0.02548276934248861,0.02805224283656571,0.02978608399280347,0.028429080717614852,0.041570477245841175,0.0547128994949162,0.06738771626260132,0.0786532495985739,0.09015738405287266,0.10582097241422161,0.11579757218714803,0.1262727661523968,0.14035466907080263,0.14720294496510178,0.1589538708794862,0.16892516904044896,0.1785125769674778,0.18292598496191204,0.19112460734322667,0.1937543695094064,0.19884052709676325,0.20414358377456665,0.2118621647823602,0.21204036625567824,0.2129968893714249,0.21901278651785105,0.21208707080222666,0.21965093968901783,0.22363947972189635,0.2282207574462518,0.22380872268695384,0.22786042967345566,0.22827543842140585,0.2296028999844566,0.23710343800485134,0.2405800789128989,0.24309335288126022,0.244477100786753,0.2418568356661126,0.24037477548699826,0.24360712023917586,0.2438669754192233,0.2463304001139477
0.layer3.1.bn1.weight,0.012593973420734983,0.012593973420734983,0.022030132822692394,0.024898301096982323,0.029150247515644878,0.03116487801889889,0.03425681970838923,0.03801821084925905,0.038886302849277854,0.04308631218736991,0.045917547889985144,0.04340715179569088,0.06591221579583362,0.08986018679570407,0.112895084079355,0.13361109339166433,0.15538585116155446,0.18356066837441176,0.2007894174894318,0.219994583632797,0.24437745020259172,0.2561929716030136,0.2776543584186584,0.2957822831813246,0.3128488769289106,0.32111360784620047,0.3364420223515481,0.34027171321213245,0.34897007956169546,0.35998399113304913,0.3723649913445115,0.37384887505322695,0.3751861690543592,0.38624427327886224,0.3739123975392431,0.3884147049393505,0.39499882655218244,0.4032455384731293,0.3955248461570591,0.4032615649048239,0.40367968170903623,0.4052017820067704,0.41931796818971634,0.42683382192626595,0.4311334223020822,0.43244809890165925,0.4289327256847173,0.4280942175537348,0.4323576604947448,0.4332956406287849,0.4383141943253577
0.layer3.1.bn1.bias,0.013648843458213378,0.013648843458213378,0.02299968129955232,0.025889656943036243,0.029995093122124672,0.03244467069453094,0.0357078907545656,0.03902780430507846,0.04061886761337519,0.04415567559772171,0.04691715998342261,0.046470648783724755,0.06645722093526274,0.09201189299346879,0.11344251170521602,0.1349221628624946,0.15944392222445458,0.1837656805291772,0.20236469944939017,0.22234707418829203,0.24871860351413488,0.2593444848898798,0.2821149385999888,0.29803089052438736,0.3157965117134154,0.32540346682071686,0.3335963583085686,0.34196672425605357,0.3502388405613601,0.35807973658666015,0.37208825582638383,0.37445511133410037,0.37329816864803433,0.38737332075834274,0.3725741340313107,0.3848743517883122,0.3937902534380555,0.3997761267237365,0.39504243270494044,0.4026712093036622,0.40129845682531595,0.40316358814015985,0.41725371591746807,0.4248926716390997,0.4258930564392358,0.4291032813489437,0.4229784389026463,0.42502194666303694,0.4294017939828336,0.4272990236058831,0.43379236990585923
0.layer3.1.conv2.weight,0.009817079269851092,0.009817079269851092,0.013710963205085136,0.014744232605153229,0.016577291426074225,0.017793792685552035,0.019311932614073157,0.02121336710115429,0.02184518292779103,0.02374384600261692,0.025241654613637365,0.024366801531868987,0.03534328908426687,0.0466515906737186,0.057688345812493935,0.06756537361070514,0.07796225871425122,0.09081363159930333,0.10002407932188362,0.10947730619227514,0.12204587861197069,0.12944972363766283,0.14004804217256606,0.1492216563783586,0.1587419012794271,0.16324195999186486,0.1712392617482692,0.17476899293251336,0.18070699193049222,0.1864506029523909,0.19241660728584975,0.19396367762237787,0.19534104724880308,0.20033913769293576,0.19652037555351853,0.20343342935666442,0.2075008398387581,0.21094772953074425,0.20684292598161846,0.21137262869160622,0.21235170273575932,0.21357682580128312,0.22014771134126931,0.22256810229737312,0.2253413477446884,0.22618900367524475,0.22699829121120274,0.22459166729822755,0.2295524904038757,0.22837415803223848,0.2301283838460222
0.layer3.1.bn2.weight,0.012535009787825402,0.012535009787825402,0.01670097426540451,0.018103470611094963,0.021096204553032294,0.022360246628522873,0.024243348481832072,0.026596315583446994,0.02737363480264321,0.029886490301578306,0.03190323364106007,0.030136778674204834,0.04408633438288234,0.05845295332255773,0.07141342619433999,0.08335314906435087,0.09640209836652502,0.11210647813277319,0.12419295898871496,0.13644375710282475,0.15300739521626383,0.1614728313870728,0.17519495682790875,0.18628523766528815,0.19702986511401832,0.20483357447665185,0.21292505168821663,0.21878744824789464,0.22649976913817227,0.23392562032677233,0.2399265804560855,0.24083763477392495,0.24282850418239832,0.2501823800848797,0.2458363634068519,0.25478121521882713,0.25916550832334906,0.2628231474664062,0.25826360296923667,0.26336189988069236,0.2646733114961535,0.2662488268688321,0.27529833372682333,0.27956411708146334,0.2823339409660548,0.2836568006314337,0.28284249594435096,0.28004663926549256,0.28506646561436355,0.28429716476239264,0.2863645579200238
0.layer3.1.bn2.bias,0.018489308466087095,0.018489308466087095,0.02256407249660697,0.02471961260016542,0.02783001627540216,0.029977727361256257,0.03268938802648336,0.03539673660998233,0.036768680467503145,0.03939698205795139,0.04163031472126022,0.04159351278212853,0.05805122127640061,0.0778470363584347,0.09508152562193573,0.11136558273574337,0.13078713207505643,0.1491224932251498,0.16519746358972043,0.18034891120623797,0.2031684807734564,0.2134144053561613,0.23124888923484832,0.244158057263121,0.25938449357636273,0.27002371684648097,0.2756987866014242,0.28514567436650395,0.2943935818038881,0.3017300986684859,0.3120558860246092,0.31385372090153396,0.31407624669373035,0.3250362689141184,0.3159704573918134,0.32652643718756735,0.3338588422629982,0.33637277293018997,0.33189668180420995,0.33870017551817,0.33947477978654206,0.34211279335431755,0.3528189635835588,0.3566831622738391,0.35836055409163237,0.36150568746961653,0.36075365357100964,0.3605878911912441,0.3679989483207464,0.3619686954189092,0.36570969596505165
0.layer4.0.conv1.weight,0.00780231678072596,0.00780231678072596,0.013084701793559361,0.013877018245693762,0.015332380979089066,0.01643445899389917,0.017730902167386375,0.019338706231792457,0.020070134196430445,0.021598259030724876,0.022927124533453025,0.022104851188487373,0.032065823281300254,0.04140076055773534,0.051190298079745844,0.06059065242880024,0.07035733305383474,0.0832073389319703,0.0937986271455884,0.10362624184926972,0.1177526552346535,0.12717443046858534,0.1389438882470131,0.14948301459662616,0.16103459044825286,0.16865127754863352,0.17769060446880758,0.1832963499473408,0.1889426503330469,0.19643898832146078,0.20271579886320978,0.2061454332433641,0.21035161870531738,0.21543920203112066,0.2133629604941234,0.2211180254817009,0.22506634308956563,0.22821905254386365,0.22529717907309532,0.2299903486855328,0.2319548933301121,0.23325619066599756,0.24117136979475617,0.24390411260537803,0.24700518022291362,0.24801046983338892,0.2503086787182838,0.24562732595950365,0.250469280523248,0.25163420068565756,0.2528989079874009
0.layer4.0.bn1.weight,0.00827973604464205,0.00827973604464205,0.012632476667931769,0.013613366027129814,0.015367770713055506,0.016508518609043676,0.01772020717180567,0.019364396852324717,0.01993315271101892,0.021601815707981586,0.0230755016382318,0.02190266783873085,0.0327414553030394,0.042959472484653816,0.053461055329535156,0.06317787343868986,0.0738439061678946,0.08791289333021268,0.09881586919073015,0.1095058013452217,0.12457892438396811,0.13460385764483362,0.14813760842662305,0.15982834703754634,0.17134054645430297,0.18093581101857126,0.19076533161569387,0.19711981725413352,0.20351622661110014,0.21186801663134247,0.21868043520953506,0.22462845733389258,0.22921822872012854,0.2351174543146044,0.23297990777064115,0.24212003778666258,0.24610698013566434,0.2489624423906207,0.24613271816633642,0.25207958254031837,0.2544457463081926,0.25667231623083353,0.2652810080908239,0.26904987217858434,0.2723322892561555,0.2740519787184894,0.2767690436448902,0.2717108477372676,0.27739893994294107,0.2786237590480596,0.2802054004278034
0.layer4.0.bn1.bias,0.00936514563363744,0.00936514563363744,0.013333513670659158,0.014391348784556612,0.015896214717940893,0.017127580198575743,0.0183678532630438,0.019789111815043725,0.020579437477863394,0.02180729858810082,0.023070907132932916,0.023126346030039713,0.03230115250335075,0.04287099017528817,0.05278807310969569,0.06289643401396461,0.07504659082042053,0.08723541372455657,0.09878937096800655,0.10992992791580036,0.12666678882669657,0.13640025642234832,0.14961582294199616,0.16120635881088674,0.17384969105478376,0.18449201807379723,0.19166442239657044,0.20130662037990987,0.20688462036196142,0.21540840342640877,0.22292586404364556,0.22871759440749884,0.2325206163804978,0.23952260904479772,0.23675197374541312,0.24545746005605906,0.25112873036414385,0.2534558553015813,0.25231722102034837,0.2581217570696026,0.2601462290622294,0.2620632704347372,0.2710710037499666,0.2749752886593342,0.27735073398798704,0.27971011213958263,0.2823358264286071,0.2785771775525063,0.2842171676456928,0.2833019990939647,0.2866510944440961
0.layer4.0.conv2.weight,0.006131513669970445,0.006131513669970445,0.008014203835045919,0.008415023854468018,0.009160621179034933,0.009773242280061822,0.010485865408554673,0.011344358332280535,0.01170648488914594,0.012385830406856257,0.013044404309766833,0.012713897609501146,0.017703138160868548,0.022045499179512262,0.02675822118180804,0.031130723757087253,0.035628604993689805,0.04165201206342317,0.04640383835067041,0.05153950341627933,0.05835231058881618,0.06318780616857111,0.06845073553267866,0.07395214930875227,0.07935227517737076,0.08333045453764498,0.08849030389683321,0.09162009105784819,0.09484635258559138,0.09916093409992754,0.10232164163608104,0.10488121141679585,0.10808812145842239,0.11014240345684811,0.11027373396791518,0.11459716135868803,0.11688890436198562,0.11895813228329644,0.1183478016173467,0.12141029158374295,0.12294640118489042,0.12330572766950354,0.1276399723137729,0.12890388362575322,0.13099876034539193,0.1318775872932747,0.13344111246988177,0.13174076413270086,0.13455282186623663,0.1350780196953565,0.13651739188935608
0.layer4.0.bn2.weight,0.009341096112621017,0.009341096112621017,0.011989945327513851,0.012789811087714043,0.01412828973843716,0.014984011606429704,0.01600658442475833,0.017375340044964105,0.017872958662337624,0.018818839263985865,0.019930321475840174,0.019069808739004657,0.0266596463334281,0.03336682348162867,0.0395253227034118,0.045357877970673144,0.05101203787489794,0.05879893581732176,0.06504685353138484,0.07192848663544282,0.08097129699308425,0.08714733325177804,0.09368391771567985,0.10058480879524723,0.10748010536190122,0.11292206303915009,0.11930121621116996,0.12375297618564218,0.1277963340980932,0.13301323563791811,0.1375924606109038,0.14033412595745176,0.14551784668583423,0.14846804447006434,0.1492784833535552,0.15489372017327696,0.15764300804585218,0.1606560155050829,0.1591275652172044,0.16338342195376754,0.16572135698515922,0.1659965954022482,0.17200285324361175,0.1739303417271003,0.1769011861179024,0.17804724327288568,0.18003095057792962,0.177582653821446,0.18189375603105873,0.18216933135408908,0.18411713908426464
0.layer4.0.bn2.bias,0.014811561035457999,0.014811561035457999,0.015239379390550312,0.016233027941780165,0.017459976734244265,0.01861822027422022,0.01972387828573119,0.02104563584725838,0.021745443737017922,0.022641782139544375,0.023703716418822296,0.024002556441701017,0.031586371376761235,0.03956997930072248,0.047066681523574516,0.054416618280811235,0.06286015699151903,0.07121740147704259,0.07916745590046048,0.0874425089568831,0.09956375852925703,0.10731163003947586,0.11581758304964751,0.12434814107837155,0.13368152570910752,0.14161333034280688,0.1478290050290525,0.15578162053134292,0.1606058361940086,0.1674225376918912,0.17336377140600234,0.17765815346501768,0.18298220133874565,0.18726717855315655,0.1872679628431797,0.19445453258231282,0.19874706852715462,0.20209126512054354,0.20216044888366014,0.2074271917808801,0.20979225100018084,0.21050327795092016,0.21776519727427512,0.22049152571707964,0.22307123930659145,0.22545078326947987,0.22795837942976505,0.22554291528649628,0.23110465391073376,0.23087127110920846,0.23325475049205124
0.layer4.0.downsample.0.weight,0.012591716069437098,0.012591716069437098,0.01453371384559432,0.015451269551704172,0.01686359002633253,0.018035220346064307,0.019350484508322552,0.020922285882988945,0.021502065123058856,0.02280573449388612,0.024013051923247986,0.02341712426277809,0.032485002288012765,0.039990574499825016,0.047812765318667516,0.0550313412968535,0.06219478099956177,0.07162148569477722,0.07930957520147786,0.08703449129825458,0.09786748891929165,0.1052289477083832,0.1131252400809899,0.12164288002531976,0.12986235762946308,0.13635235920082778,0.1442568233469501,0.14923809573519975,0.15407892281655222,0.1609704615548253,0.16567241016309708,0.16865812882315367,0.17411505861673504,0.17716433969326317,0.1773520631249994,0.18449257430620492,0.18714788334909827,0.1912974164588377,0.19004026462789625,0.19473605183884501,0.1963938851840794,0.19663970021065325,0.20277727220673114,0.20525373262353241,0.2085288823582232,0.20962423842865974,0.21261237899307162,0.2093628606526181,0.21420886705163866,0.21503028622828424,0.21603171608876437
0.layer4.0.downsample.1.weight,0.015693633969931398,0.015693633969931398,0.01180040996405296,0.012532880653452594,0.013728000041737687,0.014641969100921415,0.015657759897294454,0.016908221288758796,0.017361754828016274,0.018384116556262597,0.019336394703714177,0.018702004148508422,0.02593748721119482,0.031654886406613514,0.03812225436558947,0.04383951745694503,0.04946200788253918,0.057346479763509706,0.06334971319301985,0.069307325349655,0.07788965455256402,0.08451646042522043,0.09061205241596326,0.09756992373149842,0.10473864997038618,0.10993076511658728,0.11720250122016296,0.12121822219341993,0.12523350276751444,0.131323768873699,0.13515700469724834,0.13738041813485324,0.1421893370570615,0.14478849002625793,0.14485627273097634,0.15078574127983302,0.15278661053162068,0.15666096075437963,0.15612928837072104,0.16000948974397033,0.16179190832190216,0.1618470948887989,0.16708140156697482,0.16916616214439273,0.17153908975888044,0.17237504804506898,0.1759627362480387,0.17285508348140866,0.17631319456268102,0.17831087636295706,0.1790720501448959
0.layer4.0.downsample.1.bias,0.014811561035457999,0.014811561035457999,0.015239379390550312,0.016233027941780165,0.017459976734244265,0.01861822027422022,0.01972387828573119,0.02104563584725838,0.021745443737017922,0.022641782139544375,0.023703716418822296,0.024002556441701017,0.031586371376761235,0.03956997930072248,0.047066681523574516,0.054416618280811235,0.06286015699151903,0.07121740147704259,0.07916745590046048,0.0874425089568831,0.09956375852925703,0.10731163003947586,0.11581758304964751,0.12434814107837155,0.13368152570910752,0.14161333034280688,0.1478290050290525,0.15578162053134292,0.1606058361940086,0.1674225376918912,0.17336377140600234,0.17765815346501768,0.18298220133874565,0.18726717855315655,0.1872679628431797,0.19445453258231282,0.19874706852715462,0.20209126512054354,0.20216044888366014,0.2074271917808801,0.20979225100018084,0.21050327795092016,0.21776519727427512,0.22049152571707964,0.22307123930659145,0.22545078326947987,0.22795837942976505,0.22554291528649628,0.23110465391073376,0.23087127110920846,0.23325475049205124
0.layer4.1.conv1.weight,0.006714316416037036,0.006714316416037036,0.007470682903658599,0.007787921960698441,0.008449785007542232,0.009004331317555625,0.009601139012374915,0.010350858952733688,0.010681273131922353,0.011263842265179846,0.011869151865539607,0.011646728962659836,0.01590752662741579,0.01938556796812918,0.023010973120108247,0.02629071990668308,0.029228685874841176,0.03319457231555134,0.03646779007976875,0.03964090286171995,0.04391221088008024,0.04700583382509649,0.04986932629253715,0.05308497810619883,0.05598200918757357,0.058447645540582016,0.06138525911956094,0.06328754359856248,0.06504679017234594,0.06773080403218046,0.06930262950481847,0.07030022708931938,0.07232029357692227,0.07330192404333502,0.07367767521645874,0.07617418555309996,0.07694202242419124,0.07862426346400753,0.07826859399210662,0.07982894167071208,0.08076776267262176,0.08080328011419624,0.08316505840048194,0.08387443819083273,0.08505605661775917,0.08566696057096124,0.08662718505365774,0.08538639184553176,0.08712768537225202,0.08761255105491728,0.08783547673374414
0.layer4.1.bn1.weight,0.010989995338604786,0.010989995338604786,0.011999577502137981,0.012668540999584366,0.013889635956729762,0.014807614214078058,0.015845285095565487,0.01722046671784483,0.0176174946827814,0.018754750068183057,0.019901678984751925,0.01940531523723621,0.027089543946203776,0.03338926695869304,0.039350142236799,0.044913277903106064,0.04984843355487101,0.05644655556534417,0.06190080937813036,0.06715157238068059,0.07452578213997185,0.07971413474297151,0.08432422246551141,0.08949639514321461,0.09467814542585984,0.09852570266230032,0.1033218702650629,0.10666080936789513,0.10953384824097157,0.11381419247481972,0.11683054617606103,0.11873026663670316,0.12183645996265113,0.12386784359114245,0.12344536033924669,0.12801972118904814,0.1295829649316147,0.13255637150723487,0.13145249389344826,0.13467751222196966,0.13635235687252134,0.13626475224737078,0.14012722519692034,0.14149772515520453,0.14272572309710085,0.14354512782301754,0.14532175799831748,0.14338812290225178,0.14679808437358588,0.14681937114801258,0.14755955268628895
0.layer4.1.bn1.bias,0.010576540102192666,0.010576540102192666,0.013417941743682604,0.01420513702032622,0.015246281982399523,0.01627877465216443,0.017244262373424135,0.018425450660288334,0.019038090991671197,0.0199573061108822,0.020905467579723336,0.021371621842263266,0.028184533715830185,0.0350720749120228,0.041376041976036504,0.04743642301764339,0.05377118129399605,0.05981171710300259,0.06566350063076243,0.07145718450192362,0.07952970283804461,0.08474165556253865,0.09004387253662571,0.0956679314840585,0.10127258737338707,0.10616412927629426,0.11007809109287336,0.11471782112494111,0.11784807709045708,0.12196922505972907,0.12561167922103778,0.12796580593567342,0.13121864036656916,0.13335300236940384,0.1334239738062024,0.13800087617710233,0.14019715134054422,0.14274202706292272,0.1425458888988942,0.14560509857255965,0.147537172306329,0.1476629952667281,0.15181063348427415,0.15324478945694864,0.1548144209664315,0.15604261541739106,0.15762425458524376,0.15588946733623743,0.1599567646626383,0.15975549689028412,0.16077104432042688
0.layer4.1.conv2.weight,0.007977513701916905,0.007977513701916905,0.008281675643956987,0.008478299816488288,0.008917838997149374,0.00923290222272044,0.009598466102033854,0.010091109928907827,0.010244085649901535,0.010517866619920824,0.010913870319200214,0.010674036740965676,0.01292435218783794,0.014370233358931728,0.01576620379637461,0.01682299240201246,0.017731705826008692,0.01889122925058473,0.01986674348881934,0.020668365090386942,0.021781335308332928,0.022562073165317997,0.023205990975839086,0.02390654016926419,0.02451942046172917,0.024886327373678796,0.025678794278064743,0.025944403969333507,0.026320107586798258,0.02682943882246036,0.027096295772935264,0.027251528183114715,0.027656734295305796,0.02772007269959431,0.027859691937919706,0.02836788463173434,0.028508805175079033,0.028793185701943003,0.02864278580818791,0.028983776821405627,0.029293916653841734,0.029198937496403232,0.029643164511071518,0.029752427682979032,0.029930056392913684,0.030037023578188382,0.03014045125746634,0.029821437972714193,0.030252519180066884,0.030259283157647587,0.030261886757216416
0.layer4.1.bn2.weight,0.012672640703385696,0.012672640703385696,0.010797047980304342,0.011220906286325771,0.011929129344935063,0.012404657296428923,0.0128734529207577,0.013706894955248572,0.013860123857739381,0.01417662030144129,0.014849747538391966,0.014261106989579275,0.017572766446392052,0.019754990644287318,0.021603986650006846,0.023163894657045603,0.02416991486097686,0.02622354704362806,0.027723256309400313,0.028984919539652765,0.030555613077012822,0.03215675712272059,0.032993872911902145,0.03412210784154013,0.03495227888925001,0.03572084929328412,0.03724707028595731,0.037602156546199694,0.038353599928086624,0.03931764545268379,0.04013024448067881,0.04033034821623005,0.04071218695025891,0.04164765670429915,0.04145249642897397,0.04236687545198947,0.0423679631203413,0.04344550834503025,0.04270253187860362,0.04374754472519271,0.044087546528317034,0.044222811789950356,0.044405966968042776,0.04504213121253997,0.045418674912070855,0.04528773977654055,0.046064048510743305,0.0454898361931555,0.04589568357914686,0.046137653465848416,0.046275772067019716
0.layer4.1.bn2.bias,0.018347808567341417,0.018347808567341417,0.018392568934359588,0.01894714754598681,0.019559294523787685,0.020175013109110296,0.020735660276841372,0.021433112531667575,0.02177279225725215,0.02223131523351185,0.022753864468540996,0.023002092886599712,0.026480787695618346,0.02941483886388596,0.03179199533769861,0.03390497152577154,0.035931689315475523,0.03800526092527434,0.03974757017567754,0.041473135992418975,0.04342916709720157,0.04497219488257542,0.04635405133012682,0.04782939748838544,0.04897363975760527,0.050366444542305544,0.051220954017480835,0.05231213755905628,0.05298545927507803,0.05409203062299639,0.054868250066647306,0.05552256875671446,0.056127275398466736,0.05677192148868926,0.05695451231440529,0.05777996001415886,0.058087586134206504,0.058898132730973884,0.05869219731539488,0.05944201862439513,0.05976211384404451,0.060021346260327846,0.06057993331342004,0.06110862147761509,0.061388681147946045,0.06171163445105776,0.06214946671389043,0.061950949719175696,0.06237457296811044,0.06258682059706189,0.06289466956513934
1.weight,0.29360251780599356,0.29360251780599356,0.2872366989031434,0.2913107820786536,0.2978639465291053,0.29955908632837236,0.30268821655772626,0.3084520441479981,0.30740534304641187,0.30893430951982737,0.3139095366932452,0.30149966618046165,0.31897261925041676,0.3181463750079274,0.3204994644038379,0.3201989331282675,0.31531858700327575,0.3205583041999489,0.32254920806735754,0.32131518074311316,0.32163594476878643,0.32573326327838004,0.32396140042692423,0.3244426087476313,0.3228122137952596,0.32131055765785277,0.3269739637617022,0.3236712550278753,0.3249124160502106,0.3260007002390921,0.32622011192142963,0.32432038988918066,0.3246405138634145,0.3254276916850358,0.3267831376288086,0.3271720928605646,0.32514306041412055,0.3274557371623814,0.32543969294056296,0.3261387227103114,0.3274945456068963,0.3273258190602064,0.3258224611636251,0.32704302575439215,0.3272042537573725,0.3262318673077971,0.3279828729573637,0.32648367271758616,0.3257704726420343,0.3268619009759277,0.325517542893067
1.bias,0.3162277638912201,0.3162277638912201,0.3162277638912201,0.3162277638912201,0.3162277638912201,0.3162277638912201,0.3162277638912201,0.3162277638912201,0.3162277638912201,0.3162277638912201,0.3162277638912201,0.3162277638912201,0.3162277638912201,0.3162277638912201,0.3162277638912201,0.3162277638912201,0.3162277638912201,0.3162277638912201,0.3162277638912201,0.3162277638912201,0.3162277638912201,0.3162277638912201,0.3162277638912201,0.3162277638912201,0.3162277638912201,0.3162277638912201,0.3162277638912201,0.3162277638912201,0.3162277638912201,0.3162277638912201,0.3162277638912201,0.3162277638912201,0.3162277638912201,0.3162277638912201,0.3162277638912201,0.3162277638912201,0.3162277638912201,0.3162277638912201,0.3162277638912201,0.3162277638912201,0.3162277638912201,0.3162277638912201,0.3162277638912201,0.3162277638912201,0.3162277638912201,0.3162277638912201,0.3162277638912201,0.3162277638912201,0.3162277638912201,0.3162277638912201,0.3162277638912201
